# migration_name	phase	previous_expand_release	old_code_compatible	lock_impact_plan
# phase must be expand, contract, or metadata-only.
# previous_expand_release is required for destructive contract migrations; use n/a otherwise.
# old_code_compatible must be exactly one of yes, no, or windowed; any other value fails the gate.
#   yes = genuinely old-code compatible, because the migration carries a compensating pattern (e.g. SET NOT NULL paired with a same-column non-NULL SET DEFAULT, so an old colour's omitted-column INSERT still succeeds).
#   windowed = NOT compatible: the previous colour will error between migrate and cutover. Needs a maintenance window plus the ALLOW_BREAKING_BLUE_GREEN_MIGRATIONS override, and the incompatibility and window plan must be written into lock_impact_plan. Do not assert yes for one of these - windowed is what the value exists for.
#   no = a migration with no breaking SQL matched by the deploy guard; nothing to acknowledge.
# A migration with breaking SQL matched by the deploy guard must be yes or windowed. See docs/BLUE_GREEN_MIGRATION_POLICY.md for the rollback boundary a windowed migration moves.
# #2596 rollback ordering for 20260806010000 is part of its lock-impact plan: KEEP the new runtime and cron/drain available while the club row and EVERY explicit lodge ENFORCED override are demoted; after the last override change, require zero unprocessed HostingCoverageReevaluation rows (max-attempt/lastError rows are blockers) and zero unresolved HostingCoverageIncident rows; repeat all three proofs, and only then stop every new worker and start the old-only release. Its rollback.sql carries the exact queries. The nullable columns and applied migration history remain intact.
20260806010000_fence_hosting_coverage_delivery_claims	expand	n/a	windowed	Hosting-coverage queue and owner-notification claimant fencing (#2596). THE SQL IS ADDITIVE BUT THE MIXED-RUNTIME PROTOCOL IS NOT COMPATIBLE. One nullable VARCHAR(64) opaque claim-token column is added to HostingCoverageIncident, and nullable VARCHAR(64) claim-token plus nullable TIMESTAMP(3) claim-expiry columns are added to HostingCoverageReevaluation. Both are low-volume compliance tables introduced by 20260803070000; PostgreSQL adds all three columns by catalog update with no heap rewrite, default or backfill, and the brief ACCESS EXCLUSIVE locks touch neither Booking nor Member nor any money, capacity or provider table. WHY WINDOWED. The previous worker ignores all three columns: while a new worker holds a token-fenced lease, an old worker can still select the same unprocessed row, increment attempts without preserving the token, reconcile it, call the email provider, and mark it processed under the pre-fence protocol. Nullable DDL compatibility therefore does not make mixed old/new workers safe. DEPLOY WINDOW. Remove traffic; stop the old web colour and every old worker, scheduler, cron runner and queue consumer; verify no old database connection remains; then set ALLOW_BREAKING_BLUE_GREEN_MIGRATIONS=1, a reason naming the window, and BLUE_GREEN_OLD_APP_AND_WORKERS_STOPPED=1 before validating/migrating. Start new code only. NEW-COLOUR TRANSITION. A NULL re-evaluation token means immediately unclaimed. A pre-existing owner-notification lease from 20260806000000 can have a state key and claimed time but no token; it remains unavailable until its existing 15-minute lease expires, then the new claimant writes a token. DELIVERY CONTRACT. Queue claims are taken just in time, atomically write a fresh token/expiry while incrementing attempts, and completion/failure match the exact token. Notification delivery freezes incident evidence and recipient data only after a final exact incident/state/token read; stale claims make no provider call. Provider calls remain outside transactions, leaving only the documented interval after that final read. ROLLBACK. rollback.sql is deliberately a no-op: stop every NEW worker before starting the old-only release, retain the nullable columns and the applied migration-history row, and let the old client ignore the inert extras so a later new-only roll-forward stays clean. Separately, before any old image starts, prove no AdultMemberHostingPolicy row uses ENFORCED or deliberately reset every such row as documented in DEPLOYMENT.md and docs/PRODUCTION_UPGRADE_RUNBOOK.md. No index, constraint, enum, DML, session-clock expression, backfill or provider call occurs in this migration. Timestamp 20260806010000 is unique and follows 20260806000000.
20260802160000_add_adult_member_hosting_policy	expand	n/a	yes	Adult-member hosting policy (#2364). Purely additive EXPAND in three parts. (1) A NEW table, AdultMemberHostingPolicy, plus the AdultMemberHostingMode enum: created empty, so its deliberately default-less capacityMode (D-R6) needs no backfill and the CREATE TABLE, its unique/plain indexes, its two CHECK constraints and its RESTRICT foreign key to the cold Lodge table lock only objects that did not exist a moment earlier. Two triggers mirror the #2363 policy-set pattern: a BEFORE STATEMENT INSERT/UPDATE/DELETE trigger takes the global hashtext('adult-member-hosting-policy-set') transaction lock before any tuple lock, and a BEFORE ROW INSERT/UPDATE trigger manages the integer revision afterwards. Unlike its #2363 sibling the statement trigger is NOT a drain boundary — this table did not exist before this migration, so no old colour writes it — it exists so that advisory-before-row order holds for every writer including operator DML. (2) Five additive columns on the hot Booking table carrying the hosting review in its OWN state rather than overloading the shared minors-review columns: JSONB adultMemberHostingReview, AdminReviewStatus adultMemberHostingReviewStatus, VARCHAR(500) adultMemberHostingReviewReason, TEXT adultMemberHostingReviewedById and TIMESTAMP(3) adultMemberHostingReviewedAt. All five are nullable with NO default, so PostgreSQL adds them by catalog update with no heap rewrite and no backfill; the single ALTER takes one brief ACCESS EXCLUSIVE lock on Booking. adultMemberHostingReviewedById then gains a SET NULL foreign key to Member, matching adminReviewedById and every other actor-attribution column on Booking so member merge repoints it and member deletion nulls it. The constraint is added NOT VALID and VALIDATEd in a second statement: the ACCESS EXCLUSIVE lock covers only the catalog update, and the validation scan runs under SHARE UPDATE EXCLUSIVE, which does not block booking reads or writes. The column was created empty three statements earlier, so the scan has nothing to check and no existing row can fail it. (3) No index and no data migration at all: nothing in this release queries by hosting review state, so the predicated queue index belongs to #2365 with the query that needs it, and no UPDATE, INSERT or DELETE touches existing rows — no session-clock value is written anywhere. Old-colour forward compatibility: its Prisma client does not know the new table, the new enum or the five new Booking columns, its Booking writes omit them and receive NULL, and it never reads them. New-colour reverse compatibility: bookings the old colour writes during the drain carry a NULL hosting snapshot, which the reconciler reads as "no hosting hazard recorded" and re-derives from live facts the next time the booking is touched. No money, capacity, allocation or provider call is touched. Forward-only expand; rollback would drop the new table, enums and columns and lose only hosting review metadata, returning bookings to the pre-#2364 minors-only review behaviour. Run in the normal deploy window, verify no long-running Booking write transaction is open first, and let the deploy lock timeout stop the brief Booking catalog lock.
20260802130000_add_booking_policy_exception_foundation	expand	n/a	yes	Booking-policy exception foundation (#2363). Additive EXPAND only on the cold, admin-sized MinimumStayPolicy table: CREATE TYPE introduces PolicyExceptionCapacityMode with HOLD and NO_HOLD, then one ALTER TABLE adds capacityMode NOT NULL DEFAULT HOLD and integer version NOT NULL DEFAULT 1. PostgreSQL uses the constant defaults to expose HOLD/version 1 for every existing row without a heap rewrite; HOLD is the owner-decided backfill and the capacity default remains only for a draining pre-#2363 colour whose old admin route does not submit the new field. The new runtime requires capacityMode at its API/UI boundary and never relies on the DB default. A BEFORE STATEMENT INSERT/UPDATE/DELETE trigger is the drain compatibility boundary: before any tuple lock, every writer including the old colour takes the exact global `hashtext('minimum-stay-policy-set')` transaction lock, so old and new paths share advisory-before-row order; a separate BEFORE ROW INSERT/UPDATE trigger only manages revisions after that lock is held. Material old-colour updates with an unchanged token advance version once, new-colour OLD+1 updates are not double-incremented, and updatedAt-only/no-op writes do not advance it. MinimumStayPolicy is absent from HOT_TABLE_SQL_REGEX, but this voluntary row records the compatibility and lock argument. The ALTER and trigger creation take brief ACCESS EXCLUSIVE catalog locks on a table containing only club-scale policy rows; no index, FK, provider call, session-clock DML or booking/capacity mutation occurs. Old-colour forward compatibility: its Prisma client ignores both added columns, creates receive safe HOLD/version 1 defaults, and its writes transparently join the new lock/version protocol in PostgreSQL. New-colour reverse compatibility: rows written during the drain still use only the old columns plus these defaulted/trigger-managed scalars, which the old client ignores. Forward-only expand; rollback would remove the triggers/functions and discard only exception review metadata, returning minimum-stay to its former hard-stop-only behaviour. Run in the normal deploy window and let the deploy lock timeout stop the brief catalog lock if the settings table is unexpectedly busy.
20260507000000_add_payment_transactions	expand	n/a	yes	Adds PaymentTransaction plus indexes/FK references to Payment; run during the normal deploy window, verify no long payment transactions before migrate, and let the deploy guard stop on lock timeout/failure.
20260509020000_add_payment_refunds_and_schema_drift_fixes	expand	n/a	yes	Drops and recreates FK constraints on Booking, Payment, MemberCredit, RefundRequest, and related finance tables without removing columns; run during low traffic, check for long write transactions first, and roll back before traffic cutover if migrate fails.
20260509090000_enrich_payment_refund_ledger	expand	n/a	yes	Adds nullable/default PaymentRefund ledger columns, reads Payment and PaymentTransaction for a bounded backfill, then creates indexes; run during low traffic and verify payment writes are quiet before migrate.
20260510120000_hash_nomination_tokens_at_rest	contract	20260412170000_phase7_membership_nomination_workflow	yes	Backfills NominationToken.tokenHash from existing plaintext tokens, recreates unique lookup coverage on tokenHash, then drops the plaintext token column; run during low traffic and verify no active nomination confirmations are in flight before migrate.
20260510130000_add_member_profile_confirmation_fields	expand	n/a	yes	Adds nullable Member columns (profileCompletedAt, detailsConfirmedAt, detailsConfirmedByMemberId, onboardingConfirmedAt), a self-referential nullable FK with ON DELETE SET NULL, and a supporting index. Existing rows are not backfilled; old code ignores the new columns and new code sets them on confirmation. ADD COLUMN with no default takes a brief AccessExclusive lock on Member; run during low traffic.
20260510143000_add_family_change_request_context	expand	n/a	yes	Adds six nullable FamilyGroupJoinRequest columns (requestedFirstName/LastName/DateOfBirth/Email, subjectMemberId, requestNotes), two indexes, and a nullable FK to Member with ON DELETE SET NULL. Old code ignores the new columns; FamilyGroupJoinRequest is low-write so lock impact is minimal.
20260511113000_backfill_payment_pending_booking_status	expand	n/a	yes	Backfills legacy Booking rows from CONFIRMED to PAYMENT_PENDING only when no SUCCEEDED Payment exists. This is run after the PAYMENT_PENDING enum migration and after production app containers include a Prisma client that can read the enum. The current affected set is one row; run during low traffic and verify the count before and after migrate.
20260511124500_promote_paid_confirmed_bookings	expand	n/a	yes	Backfills legacy Booking rows from CONFIRMED to PAID when a SUCCEEDED Payment exists. Old code already understands PAID bookings, and new code depends on the repaired status for capacity and lodge surfaces. Run during low traffic and verify CONFIRMED bookings grouped by payment status before and after migrate.
20260511133000_add_issue_report_retention	expand	n/a	yes	Adds nullable IssueReport triage and sensitive-data retention columns plus indexes, then backfills 30-day screenshot/browser-info expiry timestamps for existing rows. Old code ignores the new columns; run during low traffic because IssueReport is low-write and the backfill is bounded by recent support reports.
20260523100000_add_email_message_settings	expand	n/a	yes	Creates email message setting, template override, and notification delivery policy tables plus indexes. Old code ignores the new tables; locks are limited to new objects.
20260523113000_add_payment_recovery_operations	expand	n/a	yes	Creates payment recovery enums/table/indexes/FKs and backfills risky zero-dollar pending PaymentIntent rows from Booking, Payment, and PaymentTransaction. Old code ignores the queue; run during low traffic and verify pending payment transaction counts before migrate.
20260524090000_add_booking_guest_stay_ranges	expand	n/a	yes	Adds BookingGuest stay range columns, backfills from Booking, installs a trigger so old app inserts derive stayStart/stayEnd from the parent booking, then enforces NOT NULL and creates range indexes. BookingGuest is write-active, so run during low traffic, verify no NULL ranges after migrate, and let the deploy guard stop on lock timeout/failure.
20260524100000_membership_cancellation_foundation	expand	n/a	yes	Adds nullable Member cancellation columns plus membership cancellation request/settings tables, indexes, and FKs. Old code ignores the new columns and tables; run during low traffic because Member and cancellation workflows are low-write.
20260524113000_membership_cancellation_confirmation_tokens	expand	n/a	yes	Adds participant confirmation enum values plus nullable hashed-token and timestamp columns to MembershipCancellationRequestParticipant. Old code ignores the new columns; run during low traffic because membership cancellation requests are low-write, and no existing rows are backfilled.
20260524190000_member_delete_lifecycle_actions	expand	n/a	yes	Adds MemberLifecycleAction and MemberLifecycleActionRequestStatus enums plus the MemberLifecycleActionRequest table for second-admin delete approvals. Old code ignores the new table; run during low traffic because member lifecycle requests are low-write, and no existing rows are backfilled.
20260524220000_add_booking_change_requests	expand	n/a	yes	Creates BookingChangeRequest enum/table/indexes/FKs for member edit review. Old code ignores the new queue; run during low traffic and rely on the status/createdAt indexes for admin queue reads.
20260524230000_member_archive_lifecycle_actions	expand	n/a	yes	Adds the ARCHIVE lifecycle enum value and nullable Member archive metadata with a SET NULL FK to MemberLifecycleActionRequest. Old code ignores the new enum value and columns; run during low traffic because Member writes are low volume.
20260524240000_add_booking_guest_stay_range_check	expand	n/a	yes	Adds a CHECK constraint enforcing stayStart < stayEnd on BookingGuest. Existing rows were backfilled by 20260524090000_add_booking_guest_stay_ranges; before migrate verify no invalid BookingGuest ranges remain and run during low traffic because BookingGuest writes are capacity-sensitive.
20260524250000_add_admin_booking_change_request_preference	expand	n/a	yes	Adds a default-true NotificationPreference flag for admin booking-change-request alerts. Existing admin notification rows backfill through the default value; run during normal low traffic.
20260525000000_add_refund_booking_modification_recovery_type	expand	n/a	yes	Adds a PaymentRecoveryOperationType enum value for booking-modification refunds. Old code ignores the new value; deploy before any runtime enqueues the new operation type.
20260525010000_align_booking_change_request_with_review_queues	contract	20260524220000_add_booking_change_requests	yes	Renames BookingChangeRequest status values and Member FK columns to match sibling review queues. Treat as a controlled low-traffic migration from the prior booking-change runtime: verify the booking-change request queue is idle, ensure old app colors are drained or blocked from booking-change request traffic, and use the breaking-migration override only with that operator acknowledgement.
20260525020000_add_booking_change_request_linked_modification	expand	n/a	yes	Adds nullable BookingChangeRequest.linkedModificationId plus an index and SET NULL FK to BookingModification. Old code ignores the nullable column; run during low traffic because BookingModification is a booking-write table.
20260525030000_enforce_booking_guest_stay_range_envelope	expand	n/a	yes	Adds triggers enforcing BookingGuest stay ranges inside the parent Booking envelope. Application code already writes envelope-bounded ranges; before migrate verify no existing violations and run during low traffic because Booking and BookingGuest writes are capacity-sensitive.
20260526120000_promo_code_per_individual_redesign	contract	20260412100000_phase5_pricing_promos_cancellation	yes	Renames promo-code cap columns, backfills maxUsesPerMember from singleUse, drops singleUse, and adds nullable/default cap fields. Treat as a controlled promo maintenance migration: verify promo administration and booking promo validation traffic is idle or routed to the new runtime only, and use the breaking-migration override only with that operator acknowledgement.
20260527090000_add_booking_soft_delete_fields	expand	n/a	yes	Booking is hot/write-active; this migration adds nullable soft-delete columns (deletedAt, deletedById, deletedReason) plus Booking indexes and a SET NULL FK from deletedById to Member. Old code ignores the nullable columns; deploy during low booking traffic and let the deploy guard stop on lock timeout/failure before cutover.
20260527120000_add_promo_redemption_allocations	expand	n/a	yes	Creates PromoRedemptionAllocation, backfills one allocation per existing PromoRedemption, recalculates PromoCode.currentRedemptions from allocations, and installs PromoRedemption insert/update triggers so old app colors still create one-booker allocations during blue/green drain. Run during low promo-booking traffic because PromoRedemption and PromoCode are booking-write tables.
20260528120000_add_booking_admin_review_workflow	expand	n/a	no	Adds AdminReviewStatus and AWAITING_REVIEW enum values plus nullable Booking admin-review columns, SET NULL FK, indexes, and a bounded backfill of existing requiresAdminReview Booking rows. Booking is write-active; deploy during low booking/payment traffic, verify no long Booking or Payment write transactions before migrate, and rely on the deploy guard/lock timeout to stop before cutover if migrate fails. Old code ignores the nullable columns but is not treated as fully enum-compatible with backfilled AWAITING_REVIEW rows.
20260607120000_add_bed_allocation_and_internet_banking_modules	expand	n/a	yes	Adds default-true ClubModuleSettings booleans for bed allocation and Internet Banking activation. Old code ignores the columns; table writes are admin-only and low volume.
20260607130000_add_fixed_nightly_promo_adjustments	expand	n/a	yes	Adds FIXED_NIGHTLY_PRICE and FixedNightlyMode plus nullable PromoCode fields, default-zero Booking/PromoRedemption/PromoRedemptionAllocation adjustment columns, and bounded backfills from existing discount cents. Run during low promo-booking traffic, and avoid creating fixed-nightly promos until old app colors have drained.
20260607133000_add_bed_allocation_inventory	expand	n/a	yes	Creates LodgeRoom, LodgeBed, BedAllocation, BedAllocationSource, indexes, and FKs. Old code ignores the new inventory/allocation tables; run during low booking traffic before enabling bed allocation operations.
20260607142000_add_bed_allocation_settings	expand	n/a	yes	Creates the singleton BedAllocationSettings row and updated-by index. Old code ignores the new table; writes are admin-only and low volume.
20260607150000_add_payment_source_foundation	expand	n/a	yes	Adds PaymentSource plus source/reference/Xero invoice fields, drops PaymentTransaction.stripePaymentIntentId NOT NULL, and indexes source/status lookups. Run during low payment traffic and do not enable Internet Banking payments until old app colors have drained.
20260607164000_add_booking_modification_credit_source	expand	n/a	yes	Adds BOOKING_MODIFICATION_REFUND plus nullable MemberCredit.sourceBookingModificationId and FK/index. Old code ignores the nullable field and enum value until new settlement paths create source-linked credits.
20260607165000_make_booking_modification_credit_unique	expand	n/a	yes	Replaces the nonunique MemberCredit.sourceBookingModificationId index with a unique index so booking-modification credits are idempotent. Verify no duplicate non-null sourceBookingModificationId values before deploy; run during low booking-modification/account-credit traffic.
20260607171000_add_promo_assignment_scope	expand	n/a	yes	Adds PromoCode.assignedMembersOnlyOwnNights with a default of true. Old code ignores the column; run during low promo-booking traffic and review assigned-member promo behaviour before enabling scoped promotions.
20260608103000_add_promo_redemption_guest_targets	expand	n/a	yes	Creates PromoRedemptionGuestTarget plus indexes and FKs to PromoRedemption, Booking, and BookingGuest. Old code ignores the table; deploy before using guest-night promo targeting and run during low promo-booking traffic.
20260611100000_add_page_content	expand	n/a	yes	Creates PageContent with unique slug/path indexes for database-managed public pages. Old code ignores the table; locks are limited to new objects.
20260611101500_backfill_starter_page_content	metadata-only	n/a	yes	Inserts starter PageContent rows with ON CONFLICT DO NOTHING for deploy-only environments. Old code ignores the table and existing admin-edited rows are not changed.
20260611120000_add_door_code_pre_arrival_reminders	expand	n/a	yes	Adds nullable Booking.preArrivalReminderSentAt, EmailMessageSetting.doorCode, and a reminder lookup index. Old code ignores the fields; run during low booking traffic because Booking is write-active.
20260611123000_add_club_theme	expand	n/a	yes	Creates ClubThemeFont and the singleton ClubTheme table with a guarded default row. Old code ignores the table; locks are limited to new objects.
20260611150000_add_lodge_instructions	expand	n/a	yes	Creates LodgeInstructionKey and LodgeInstruction, then backfills open, close, and day-to-day rows with ON CONFLICT DO NOTHING. Old code ignores the table.
20260612090000_add_booking_requested_room	expand	n/a	yes	Adds nullable Booking.requestedRoomId plus a SET NULL FK to LodgeRoom and an index. Old code ignores the field; run during low booking traffic and let the deploy guard stop on lock timeout.
20260612100000_add_work_party_events	expand	n/a	yes	Adds PromoCode.internal and WorkPartyEvent with date/status indexes and a promo FK. Old code ignores the table and column; run during low promo/admin traffic and create work-party events only after the new runtime is live.
20260612110000_add_media_image	expand	n/a	yes	Creates MediaImage for database-backed uploaded images. Old code ignores the table; verify database storage and backup capacity before broad image-manager use.
20260612120000_add_cancel_if_guests_bumped	expand	n/a	yes	Adds Booking.cancelIfGuestsBumped with a default of false. Old code ignores the field; run during low booking traffic.
20260612130000_add_booking_request_flow	expand	n/a	yes	Adds booking request/payment-link enums, tables, settings, notification preference, indexes, and FKs. Old code ignores the new tables; run during normal low traffic and enable public request links after the new runtime is live.
20260613090000_add_school_booking_request	expand	n/a	yes	Adds SCHOOL to BookingRequestType and school-specific nullable columns. Old 0.7.x code ignores the BookingRequest table; deploy before accepting school request submissions.
20260613090000_update_starter_home_page_content	metadata-only	n/a	yes	Guardedly updates only the untouched starter home PageContent copy to remove deployment-specific wording. Admin-edited rows are left unchanged.
20260613100000_add_booking_group_link	expand	n/a	yes	Adds nullable Booking.parentBookingId plus a SET NULL self-FK and index for linked member/non-member bookings. Old code ignores the field; run during low booking traffic and let the deploy guard stop on lock timeout.
20260614090000_add_booking_guest_night	expand	n/a	yes	Creates BookingGuestNight, backfills one row per existing guest night, and splits BookingGuest.priceCents exactly across nights. Old code ignores the table but does not dual-write new rows, so run during low booking traffic, avoid booking/guest writes during migrate and cutover, and verify active guests have night rows before enabling multi-date range stays.
20260614100000_add_club_theme_raw_css	expand	n/a	yes	Adds ClubTheme.rawCss with a default empty string. Old code ignores the field; writes are admin-only and low volume.
20260614110000_backfill_404_page_content	metadata-only	n/a	yes	Inserts the starter 404 PageContent row with ON CONFLICT DO NOTHING. Old code ignores the row and existing content is not overwritten.
20260614153000_add_booking_event	expand	n/a	yes	Creates BookingEventType and BookingEvent with indexes plus a restrictive Booking FK. Old code ignores the table; run during low booking traffic and note that historical events are not backfilled.
20260615090000_drop_updatedat_column_defaults	metadata-only	n/a	yes	Drops DB-level defaults from BedAllocationSettings.updatedAt and ClubTheme.updatedAt to match Prisma @updatedAt semantics. Prisma Client sets the values on writes; avoid raw inserts that omit updatedAt after this migration.
20260615110000_add_lodge_induction_signoff	expand	n/a	yes	Creates lodge induction enums, the checklist template/section/item tables, MemberInduction/MemberInductionItemResult/MemberInductionSignOff, and MembershipNominationSettings, plus adds Member.requiresInduction BOOLEAN NOT NULL DEFAULT false. The new referencing tables are empty, so FKs to Member and MemberApplication add only a brief lock with no row validation scan; the constant-default ADD COLUMN is metadata-only on PostgreSQL 11+ (brief ACCESS EXCLUSIVE lock, no rewrite). Old code ignores the new tables and column; run during low traffic.
20260616120000_induction_assigned_signers_and_self_assessment	expand	n/a	yes	Adds nullable MemberInduction.selfAssessedAt and selfAssessmentJson (metadata-only ADD COLUMN on PostgreSQL 11+, no rewrite, brief ACCESS EXCLUSIVE lock on MemberInduction) and creates the MemberInductionAssignedSigner table with unique/composite indexes and FKs to MemberInduction and Member. New table is empty so FK validation adds only brief locks on the referenced tables with no row scan. Old code ignores the new columns and table; run during low induction traffic.
20260618120000_add_group_booking	expand	n/a	yes	Creates GroupBooking and GroupBookingJoin tables plus group-booking enums, indexes, and nullable relations to Booking and Member. Old code ignores the new tables; run during low booking traffic and do not open shareable group joins until the new runtime is live.
20260619120000_add_booking_organiser_settled	expand	n/a	yes	Adds Booking.organiserSettled BOOLEAN NOT NULL DEFAULT false for organiser-pays group child bookings. PostgreSQL 11+ handles the constant default without a table rewrite, but Booking is write-active so run during low booking traffic and avoid organiser-pays joins until old app colours have drained.
20260619130000_add_group_booking_settlement	expand	n/a	yes	Creates GroupBookingSettlement with Stripe PaymentIntent tracking and a FK to GroupBooking. Old code ignores the new table; run before accepting organiser-pays settlement and during low group-booking traffic.
20260620120000_add_group_settlement_internet_banking	expand	n/a	yes	Adds defaulted PaymentSource and nullable Xero invoice fields to GroupBookingSettlement for Internet Banking settlement. Old code ignores the new columns; enable Internet Banking group settlement only after the new runtime is serving traffic.
20260620121500_add_whakapapa_report_cache	expand	n/a	yes	Creates WhakapapaReportCache with cached JSON payloads, freshness indexes, and freeze-window metadata. Old code ignores the new table; locks are limited to new objects.
20260620133000_add_whakapapa_cache_frozen_until	expand	n/a	yes	Idempotently adds WhakapapaReportCache.frozenUntil and its index for environments that received the earlier cache migration before the freeze column existed. Old code ignores the nullable column; locks are limited to the low-write cache table.
20260620145000_add_lockers	expand	n/a	yes	Creates Locker with nullable Member allocation, name and allocation indexes, and a SET NULL FK to Member. Old code ignores the new table; run during low member-admin traffic before enabling locker administration.
20260621150000_scope_processed_webhook_event_idempotency	expand	n/a	yes	Replaces the global ProcessedWebhookEvent.eventId unique index with a composite source/eventId unique index so provider event IDs cannot collide across Stripe, Xero, and SES. Existing rows keep the same values and old code still writes source and eventId; run during low webhook traffic and avoid replay/backfill jobs during the index swap.
20260621160000_add_xero_token_refresh_lease	expand	n/a	yes	Adds nullable XeroToken.refreshInProgressUntil for a database-backed operational Xero refresh lease. Old code ignores the nullable column; run during low Xero activity so token refresh workers are quiet during the brief XeroToken lock.
20260622100000_harden_locker_names	expand	n/a	yes	Checks for exact duplicate Locker.name values, narrows the column to VARCHAR(200), replaces the nonunique name index with a unique index, and leaves the member allocation FK unchanged. Old code can keep reading/writing lockers as long as it does not create duplicate names; run during low admin traffic and resolve any duplicate locker names before migrate.
20260622120000_add_module_toggles	expand	n/a	yes	Adds default-true Admin Modules booleans for group bookings, lockers, induction, work parties, promo codes, hut leaders, communications, and skifield conditions. ClubModuleSettings is low-write and usually single-row; old code ignores the new columns and upgraded installs keep previous enabled behavior.
20260623120000_add_member_status_fields	expand	n/a	yes	Adds nullable Member.lifeMemberDate and Member.comments. Old code ignores the nullable fields; Member is hot enough to run during low member-admin traffic and let the deploy guard stop on lock timeout.
20260623130000_add_member_gender_title	expand	n/a	yes	Idempotently creates Gender and Title enums and adds nullable Member.title and Member.gender. Old code ignores the nullable fields; run during low member-admin traffic and avoid new title/gender-dependent workflows until the new runtime is live.
20260626120000_add_chart_of_accounts_finance_snapshot_type	expand	n/a	yes	Adds CHART_OF_ACCOUNTS to FinanceSnapshotType for finance revenue reconciliation. Existing rows are unchanged; do not run the new chart-of-accounts finance sync until the new runtime is serving traffic.
20260626120000_add_membership_lockout_settings	expand	n/a	yes	Creates the singleton MembershipLockoutSettings table for subscription booking lockout controls. Old code ignores the new table; locks are limited to new objects.
20260626120000_member_field_visibility_and_categories	expand	n/a	yes	Adds short-lived ASSOCIATE and LIFE Role enum values, nullable Member.occupation, and the MemberFieldsSettings singleton table. Existing members are not backfilled to new roles; old code remains compatible while no old app colour is asked to read newly assigned role values. A later pre-deployment contract migration collapses the membership-category role values back into USER before live use.
20260626121000_drop_finance_xero_storage_and_usage	contract	20260419103000_add_finance_xero_storage_and_usage_metering	yes	Drops the retired separate finance Xero token store and API-usage metering tables (FinanceXeroToken, FinanceXeroApiUsageDaily, FinanceXeroApiUsageEvent) after the finance dashboard moved onto the single operational Xero connection. Ship the code that stops reading and writing these tables first; no deployed runtime references them (no src/ readers or writers remain), so old app colours stay compatible during the blue/green window. Each DROP TABLE takes a brief ACCESS EXCLUSIVE lock on these low-traffic finance-only tables with no row-validation scan; run during low finance-admin traffic.
20260627120000_core_module_defaults_off	metadata-only	n/a	yes	Changes ClubModuleSettings defaults for the high-risk capability modules (kiosk, chores, finance dashboard, waitlist, Xero integration, bed allocation, and Internet Banking payments) to false and repairs only the untouched singleton default row where updatedByMemberId is null. General-purpose modules stay default-on, explicitly saved admin rows are preserved, and old code keeps reading booleans normally; run during low admin traffic.
20260628100000_public_booking_request_quotes	expand	n/a	yes	Adds booking-request quote enums/table, nullable BookingRequest quote/catering/hold columns, and nullable SET NULL FKs to Booking and BookingRequestQuote. Existing rows are not backfilled and old code ignores the new nullable columns/table; Booking and BookingRequest locks are brief but run during low booking-request traffic and avoid creating public quote links until the new runtime is live.
20260628120000_add_finance_report_categories	expand	n/a	yes	Adds FinanceReportCategoryKind plus new FinanceReportCategory and FinanceReportCategoryMapping tables for Treasurer-controlled finance dashboard grouping. Old code ignores the new enum and tables; locks are limited to new objects and no existing finance snapshots are rewritten.
20260628120000_add_booking_messages_internet_banking_policy	expand	n/a	yes	Adds BookingMessageOverride and InternetBankingPaymentSettings plus nullable/default Internet Banking hold snapshot fields on Payment. Defaults preserve current behavior: Internet Banking bookings are not held and have no lead-time cutoff. Old code ignores the new tables and Payment columns; Payment is write-active, so run during low payment traffic and let the deploy guard stop on lock timeout/failure before cutover.
20260628133000_add_nomination_reminder_state	expand	n/a	yes	Adds defaulted NominationToken.reminderCount, nullable lastSentAt, backfills lastSentAt from createdAt, and adds a due-token scan index. Old code ignores the new columns and index; run during low membership-application traffic and avoid relying on automatic nomination reminders until the new runtime is live.
20260628160000_add_address_autocomplete_module	expand	n/a	yes	Adds a default-false ClubModuleSettings boolean for Addy address autocomplete. Old code ignores the column, existing admin-saved module rows keep all prior settings, and the low-write singleton table only takes a brief metadata lock; run during low admin traffic.
20260628170000_add_seasonal_membership_types	expand	n/a	yes	Creates membership type behavior enums plus MembershipType and SeasonalMembershipAssignment tables, seeds four built-in types, and backfills one current-season assignment per existing Member using role-to-type defaults. Old code ignores the new tables; run during low member-admin traffic because the migration reads Member and writes only the new assignment table with ON CONFLICT DO NOTHING.
20260629130000_add_committee_roles_assignments	expand	n/a	yes	Creates CommitteeRole and CommitteeAssignment tables, seeds master roles from existing CommitteeMember rows, and backfills hidden assignments only for exact legacy committee-email to Member.email matches. Existing public CommitteeMember rows are not changed; old code ignores the new tables. Run during low member-admin traffic because the migration reads Member and CommitteeMember and writes only new committee assignment tables with ON CONFLICT DO NOTHING.
20260629160000_access_roles_membership_type_cleanup	expand	n/a	yes	Adds AccessRole, MemberAccessRole, membership assignment source, membership-type age-tier eligibility, and Xero contact-group rule tables. Backfills access roles from legacy Member.role and financeAccessLevel, merges legacy RESERVE membership assignments into ASSOCIATE, seeds School/Non-Member/Family types, and copies existing age-tier Xero groups into rule rows. Old code keeps reading Member.role and financeAccessLevel and ignores the new tables; run during low member-admin traffic because the migration reads Member, MembershipType, SeasonalMembershipAssignment, and AgeTierSetting.
20260630120000_rename_member_role_to_user	contract	20260626120000_member_field_visibility_and_categories	yes	Renames the member-facing Member.role compatibility value from MEMBER to USER and removes the one-day ASSOCIATE/LIFE role enum values before any live deployment used them. Existing MEMBER, USER, ASSOCIATE, and LIFE rows keep or receive MemberAccessRole.USER, then Member.role is rewritten to USER before the Role enum is recreated with USER, ADMIN, LODGE, NON_MEMBER, and SCHOOL. Ship only with code that no longer writes MEMBER/ASSOCIATE/LIFE to Member.role; run during low member-admin traffic because Member.role is rewritten.
20260630150000_add_seasonal_membership_apply_from	expand	n/a	yes	Adds nullable SeasonalMembershipAssignment.applyFrom DATE for admin-recorded mid-season membership type changeovers. Old code ignores the nullable column and existing rows remain unchanged; run during low member-admin traffic because SeasonalMembershipAssignment is member-admin write-active but the ALTER is metadata-only apart from a brief lock.
20260701130000_add_committee_role_contact_email	expand	n/a	yes	Adds nullable CommitteeRole.contactEmail and backfills it from legacy CommitteeMember role aliases where available. Old code ignores the nullable column and still reads existing committee assignment data; run during low admin/contact traffic because CommitteeRole is small and the backfill reads CommitteeMember and updates only existing role rows.
20260702090000_backfill_policy_page_content	metadata-only	n/a	yes	Inserts starter Privacy, Terms, and FAQ PageContent rows with ON CONFLICT DO NOTHING. Old code ignores the rows while static routes still serve those paths; existing admin-edited rows are not changed.
20260708000000_add_lodge_entity_and_multi_lodge_module	expand	n/a	yes	Creates the Lodge table, seeds one row from EmailMessageSetting identity fields when none exists, and adds ClubModuleSettings.multiLodge with a constant false default. Old code ignores the new table and column; ADD COLUMN with constant default is metadata-only on the single-row ClubModuleSettings table.
20260708000100_add_lodge_id_scoping_expand	expand	n/a	yes	Adds nullable lodgeId to LodgeRoom, Locker, Season, Booking, ChoreTemplate, CancellationPolicy, BookingPeriod, MinimumStayPolicy and soft-link lodgeId to the settings singletons, then backfills entity rows to the sole lodge. Old code ignores the nullable columns. Booking is hot: the nullable ADD COLUMN is metadata-only, the FK is added NOT VALID then validated (SHARE UPDATE EXCLUSIVE, writes unblocked), the lodgeId index is small, and the backfill UPDATE takes row locks only on rows where lodgeId IS NULL in one pass; run during low booking traffic. Policy tables keep null lodgeId as their club-wide default state. NOT NULL and unique re-scoping ship later as a contract release.
20260702100000_add_hut_leader_lookahead_setting	expand	n/a	yes	Adds LodgeSettings.hutLeaderLookaheadDays with a default of 14. LodgeSettings is a singleton low-write admin settings row; old code ignores the column, and new code falls back to 14 if the setting is missing.
20260702100000_induction_workflow_types	expand	n/a	yes	Adds HUT_LEADER to InductionKind, nullable/default hut-leader eligibility fields on Member, and per-kind template activation metadata. If legacy data has multiple active templates for a kind, the newest stays active before the partial unique index is added. It also clears only in-flight self-assessment/per-item induction result state that the new single-Pass flow no longer uses; completed historical rows are preserved. Run during low membership-admin/induction traffic.
20260702113000_add_two_factor_authentication	expand	n/a	yes	Adds TwoFactorMethod, Member two-factor columns, ClubModuleSettings.twoFactor default false, and new hashed email-code/recovery-code tables. Old code ignores the new nullable/default columns and new tables; keep the two-factor module disabled until the new runtime is serving traffic, then enable from Admin > Modules.
20260708000200_add_member_lodge_access_and_hut_leader_lodge	expand	n/a	yes	Adds the LodgeAccessKind enum, the MemberLodgeAccess grant table, and nullable HutLeaderAssignment.lodgeId backfilled to the sole lodge. Old code ignores the new table and nullable column; HutLeaderAssignment is small and admin-write-only so the ADD COLUMN and backfill locks are brief. Booking eligibility stays default-open until rows exist.
20260708000300_add_promo_code_lodge_restriction	expand	n/a	yes	Adds the PromoCodeLodge junction for optional per-lodge promo restrictions. No rows means redeemable at every lodge, so existing promos behave identically; old code ignores the new table entirely.
20260708000400_rescope_cancellation_tier_uniqueness	expand	n/a	yes	Loosens CancellationPolicy tier uniqueness from global daysBeforeStay to [lodgeId, daysBeforeStay] so per-lodge override tiers can exist (ADR-001 Q3). Existing rows (all null lodgeId, unique days) satisfy the new index before the old one drops. Old code keeps writing null-lodgeId rows with app-side unique days, so it never violates the new index; nulls being distinct means the database no longer hard-enforces club-wide tier uniqueness — the admin route enforces it in a Serializable replace transaction; the null-partition partial unique index is not added (Prisma cannot express a partial index - see docs/multi-lodge/contract-release.md), so club-wide tier uniqueness stays app-enforced.
20260708000500_add_cross_lodge_waitlist	expand	n/a	yes	Adds the WaitlistCrossLodgeOrder enum, BookingDefaults.waitlistCrossLodgeOrder with default OWN_LODGE_FIRST, nullable Booking.waitlistOfferedLodgeId/waitlistOfferedPriceCents, and the BookingWaitlistAlternateLodge opt-in junction (ADR-004). Old code ignores the new columns and table; the enum column ADD with a default is metadata-only on Postgres 11+ and BookingDefaults is a single-row table, so lock impact is negligible. Cross-lodge offers only happen once new code writes junction rows.
20260708000600_add_work_party_lodge	expand	n/a	yes	Adds nullable WorkPartyEvent.lodgeId with index and SET NULL FK (lodge-scoping audit 2026-07-03). Null keeps today's meaning — a club-wide working bee bookable at any lodge — so existing rows and old code behave identically; only new code writes or enforces the binding. ADD COLUMN nullable is metadata-only and WorkPartyEvent is a tiny admin-written table.
20260708000700_rescope_lodge_instructions	expand	n/a	yes	Adds nullable LodgeInstruction.lodgeId with cascade FK and re-scopes key uniqueness from global to [lodgeId, key] (lodge-scoping audit 2026-07-03). Existing rows (all null lodgeId, unique keys) satisfy the new index before the old one drops; old code reads by key across all rows and only ever sees the club-wide null rows it wrote. Admin writes switch from key-upsert to partition-scoped find/create/update; nulls distinct means the club-wide partition is app-guarded until the contract release partial index, matching the cancellation-policy pattern. Tiny admin-written table; lock impact negligible.
20260708000800_add_booking_request_lodge	expand	n/a	yes	Adds nullable BookingRequest.lodgeId with RESTRICT FK (lodge-scoping audit 2026-07-03). Null keeps meaning the club's default lodge (readers resolve request.lodgeId ?? default), so existing rows and old code behave identically; new requests set it from the public form's lodge choice. Nullable ADD COLUMN is metadata-only; BookingRequest is low-write.
20260708000900_rescope_room_locker_name_uniqueness	expand	n/a	yes	Re-scopes LodgeRoom and Locker name uniqueness from global to [lodgeId, name] so each lodge names its own rooms and lockers (pulled forward from the contract release; the reporter hit "Room 1 already exists" seeding a second lodge). Existing rows are globally unique so they satisfy the composite before the old indexes drop. Old code keeps writing lodge-stamped rows and its own club-wide pre-checks, so it never attempts the cross-lodge duplicates the new index now allows; nulls-distinct means null-lodge rows lose DB-level uniqueness, so app checks treat null rows as clashing at every lodge until the contract release enforces NOT NULL. Index swap on small admin-written tables; lock impact negligible.
20260702120000_update_starter_faq_accordion	metadata-only	n/a	yes	Guardedly rewraps only the untouched starter FAQ PageContent row from flat h3/p pairs into native details/summary accordion markup. Admin-edited rows are left unchanged; old code renders the same sanitised HTML as plain content.
20260702143000_add_analytics_module	expand	n/a	yes	Adds a default-false ClubModuleSettings boolean for consent-gated Google Analytics. Old code ignores the column, existing admin-saved module rows keep prior settings, and analytics remains disabled until a new runtime, measurement id, admin opt-in, and visitor consent are all present.
20260702144000_update_privacy_for_analytics_consent	metadata-only	n/a	yes	Guardedly updates only the untouched starter Privacy PageContent row to describe optional consent-gated GA4. Admin-edited privacy pages are left unchanged; old code renders the same sanitised HTML as plain content.
20260702170000_add_admin_access_role_bundles	expand	n/a	yes	Adds new AccessRole enum values for read-only admin, booking officer, membership officer, and content manager bundles. Existing rows are unchanged and full admin remains AccessRole.ADMIN. Do not assign the new enum values until the new runtime is serving traffic, because old Prisma clients may not understand newly written enum values.
20260702180000_add_two_factor_session_challenge	expand	n/a	yes	Creates the empty TwoFactorSessionChallenge table with a foreign key to Member(id). The FK takes a brief lock on Member to validate the constraint but scans and rewrites no existing rows (new table only). Old code ignores the new table; run during low membership-admin traffic.
20260708001000_add_school_group_soft_cap	expand	n/a	yes	Adds nullable LodgeSettings.schoolGroupSoftCap so the school-group soft cap (a warning threshold, previously the hardcoded SCHOOL_GROUP_SOFT_CAP constant) becomes per-lodge configurable. Null falls back to the code default, so existing rows and old code behave identically; nullable ADD COLUMN is metadata-only and LodgeSettings is a tiny admin-written table.
20260704100000_defer_booking_guest_stay_range_triggers	expand	n/a	yes	Drops and recreates the two BookingGuest/Booking stay-range envelope triggers as DEFERRABLE INITIALLY DEFERRED constraint triggers. Takes a brief ACCESS EXCLUSIVE lock on Booking and BookingGuest to swap the triggers but scans and rewrites no rows. Old code stays compatible because the same cross-table invariant is now checked at COMMIT instead of per-row. Run during low booking-write traffic.
20260704150000_add_access_role_definitions	expand	n/a	yes	Creates the AccessRoleDefinition table, seeds the six editable default bundles with matrices identical to the legacy hardcoded ones, makes MemberAccessRole.role nullable, and adds a roleDefinitionId FK backfilled for existing enum rows. Old code keeps reading the role enum and behaves identically. Do not create or assign custom (NULL-role) definitions until the new runtime is fully serving traffic, because old Prisma clients select role as non-nullable and can error on NULL-role rows.
20260705130000_add_non_member_hold_enabled	expand	n/a	yes	Adds default-true BookingDefaults and BookingPeriod booleans for member-priority non-member holds, preserving existing Members First behavior until an admin disables it. Guardedly refreshes only untouched starter Terms/FAQ PageContent copy; admin-edited rows are left unchanged. Old code ignores the new columns and continues treating holds as enabled.
20260708001100_multi_lodge_entity_lodge_id_not_null	contract	20260708000100_add_lodge_id_scoping_expand	yes	Enforces NOT NULL on lodgeId for LodgeRoom, Locker, Season, ChoreTemplate, HutLeaderAssignment, and Booking. old_code_compatible via a default_lodge_id() column DEFAULT set in the SAME migration: an old (pre-lodge) colour's INSERT omits lodgeId and receives the default lodge, so no null is written and NOT NULL holds throughout a blue/green cutover - no outage, no migration abort. The default is kept permanently (harmless; new code always stamps lodgeId explicitly and it only fires for an old colour's omitted-column writes). Booking is hot but the column is fully populated (expand backfill + writer-stamping), so SET NOT NULL is a validation scan, not a rewrite; take the brief ACCESS EXCLUSIVE lock during low booking traffic. The validator recognises the SET NOT NULL + same-column SET DEFAULT pattern as old-code-compatible, so this deploys without ALLOW_BREAKING_BLUE_GREEN_MIGRATIONS.
20260707000100_backfill_org_age_tier_not_applicable	expand	n/a	no	Single UPDATE flipping ADULT organisation-type members (legacy SCHOOL role or ORG access role) to the new NOT_APPLICABLE AgeTier value; touches only those rows (typically a handful per club) with brief row locks and no DDL. CAUTION: pre-#1440 Prisma clients cannot deserialize NOT_APPLICABLE, so old-color reads of the flipped rows (admin members list, that member's detail, school flows) can error between migrate and cutover — deploy in a quiet window and cut over promptly, or defer this migration until the old color drains (the UPDATE is idempotent and safe to run late).
20260708220000_fix_seed_lodge_created_at_tz_skew	metadata-only	n/a	yes	Two idempotent single-row UPDATEs repairing the 20260708000000 lodge seed's createdAt/updatedAt, which were written with session-time CURRENT_TIMESTAMP and render NZ local time (~12-13h ahead of UTC) on non-UTC databases (the shipped compose sets PGTZ=Pacific/Auckland), letting a same-day app-created lodge sort earlier and silently become the club default (#1627). Clamps a future-skewed seed timestamp to UTC now, then restores the seeded lodge (slug 'lodge') as the strictly-earliest row when another lodge sorts at-or-before it. No-op on UTC databases and single-lodge installs; touches at most one row; old code unaffected (nothing reads absolute createdAt values - only the relative ordering both colours already expect).
20260708220100_drop_member_induction_item_result	contract	20260702100000_induction_workflow_types	yes	Drops the retired MemberInductionItemResult table and the InductionItemResultValue enum after the single-Pass induction flow stopped recording per-item results. Retired at the code level by 20260702100000_induction_workflow_types; no deployed runtime reads or writes this table (no src/ readers or writers remain), so old app colours stay compatible during the blue/green window. Production holds zero rows (verified 2026-07-08, evidence on #1532), so the drop loses no data. DROP TABLE takes a brief ACCESS EXCLUSIVE lock on this empty, unreferenced leaf table with no row-validation scan, then DROP TYPE removes the now-unused enum; MemberInduction* are low-write induction tables, not hot tables. Run during low induction/membership-admin traffic.
20260708220200_drop_member_induction_self_assessment_columns	contract	20260702100000_induction_workflow_types	yes	Drops the retired MemberInduction.selfAssessedAt and selfAssessmentJson columns. 20260702100000_induction_workflow_types NULLed all in-flight values and removed every app-level read/write, and the production retention check on 2026-07-08 confirmed zero non-NULL values across all 4 rows (evidence on #1532), so no data is lost and DROP COLUMN is a metadata-only catalog update (no rewrite, no row scan, brief ACCESS EXCLUSIVE lock; MemberInduction is not a hot table). RESIDUAL WINDOW (owner-accepted 2026-07-08, single-release disposition per #1533): the previously deployed colour's Prisma client still names both columns in its default SELECT/RETURNING lists, so between migrate and cutover the old colour errors on the default-selection induction paths (induction.ts create/update RETURNING and findUnique/findFirst/findMany includes, plus the admin inductions list) - reads AND create/update writes on inductions fail with column-does-not-exist until cutover; paths with explicit selects and counts are unaffected. Induction traffic is near-nil (4 rows total in production), so deploy in a quiet window, cut over promptly (or drain the old colour first), and use ALLOW_BREAKING_BLUE_GREEN_MIGRATIONS=1 with that acknowledgement as the override reason - same pattern as the 20260526120000 and 20260708220300 rows.
20260708220300_drop_finance_report_mapping_label_columns	contract	20260629000000_add_finance_report_category_subtype	yes	Contract drop of the value-dead sectionLabel/lineLabel columns and their composite index on FinanceReportCategoryMapping. previous_expand_release names 20260629000000_add_finance_report_category_subtype, the RUNTIME release (PR #938) that removed text-label P&L fallback matching so the app logic has ignored these columns VALUES since; policy prose permits naming the runtime release. OLD-CODE CAVEAT: the columns stayed in the Prisma model until THIS release and Prisma emits explicit column lists, so the previously-deployed colour client still SELECTs sectionLabel/lineLabel by name -- between migrate and cutover its finance-dashboard and mappings-admin READ queries (listFinanceReportCategories: findMany include mappings) error with column-does-not-exist on the draining old colour. WRITES are unaffected (createMany inserts accountCode only, no RETURNING of dropped columns). Impact is admin-only, read-only, brief and retryable. old_code_compatible=yes is asserted in the promo-redesign sense (20260526120000): deploy only with old traffic idle or routed to the new runtime, and use the ALLOW_BREAKING override only with that operator acknowledgement (prefer a low-traffic window). Not a hot table (absent from HOT_TABLE_SQL_REGEX; neither table nor index name matches); DROP COLUMN is a metadata-only catalog change taking a brief ACCESS EXCLUSIVE lock, and the preceding DROP INDEX likewise. Zero data loss: read-only production count on #1532 found 31 rows with no non-NULL label values.
20260708230000_add_member_credit_note_allocation	expand	n/a	yes	Expand-only CREATE TABLE for MemberCreditNoteAllocation (per-note applied-credit allocation lots, #1620) plus its indexes and unique key; no existing table or column is touched. Flagged by the hot-table regex only because the new table declares a single FK REFERENCES "MemberCredit" (appliedToBookingId is a bare scalar with no Booking FK, by design) - creating an empty table with one FK takes only a brief ROW SHARE lock on the referenced table with no validation scan (zero rows) and no rewrite. Old-colour compatibility is total: the previously deployed client has no model for this table and never reads or writes it; only the new APPLIED_CREDIT_ALLOCATION engine references it. No backfill: pre-existing floating credit notes correctly read as fully unallocated (zero rows = full remaining balance by construction). Safe at any traffic level.
20260708240000_add_member_credit_restore_dedupe_key	expand	n/a	yes	Expand-only ADD COLUMN of the nullable MemberCredit.restoredFromBookingId dedupe key plus its unique index (#1636). The nullable ADD COLUMN (no default) is a metadata-only catalog change taking a brief ACCESS EXCLUSIVE lock with no table rewrite and no row scan. CREATE UNIQUE INDEX scans MemberCredit to build the index, but the column is brand-new and all-NULL so no uniqueness conflict is possible and the build is fast; MemberCredit is a low/medium-write finance-history table, not a hot booking-path table. Flagged by the hot-table regex only because ALTER TABLE / the ON clause name "MemberCredit". Old-colour compatibility is total: the previously deployed Prisma client has no model field for this column and never reads or writes it (only restoreCreditFromBooking sets it, in the new colour); nullable + all-NULL existing rows satisfy the unique index during the migrate->cutover window. No backfill (existing restore rows stay NULL; their only re-restore vector, the orphaned-applied-credit backfill, is already blocked by its CANCELLATION_REFUND predicate). Safe at any traffic level; prefer a low-write window for the index build on very large ledgers.
20260709000100_add_clubwide_policy_partial_unique_indexes	contract	20260708000100_add_lodge_id_scoping_expand	yes	Adds raw-SQL partial unique indexes over the club-wide (lodgeId IS NULL) partitions of CancellationPolicy (daysBeforeStay) and LodgeInstruction (key), closing the multi-lodge contract-release deferral: PostgreSQL treats NULLs as distinct under the composite [lodgeId, ...] uniques, so these partitions were app-enforced only. Neither table is hot and no breaking SQL is present; this row exists for documentation, like the multi_lodge_entity_lodge_id_not_null row. A defensive dedupe DELETE precedes each index build (keep greatest updatedAt then id per duplicate group) so a lost-race duplicate can never abort the deploy; app enforcement (Serializable replace transaction / findFirst-then-write) should make it a no-op, and any row it removes is an invisible-duplicate bug state, not user-visible data. Both are small config tables, so the DELETE self-join scan and CREATE UNIQUE INDEX build are brief (brief SHARE lock on writes during each index build; reads unaffected). Old-colour compatibility is total: old code enforces the same uniqueness app-side, so the indexes reject nothing an old colour legitimately writes. Drift-gate note: prisma migrate diff does not surface partial indexes (Member_email_primary_unique / Member_email_login_unique / XeroSyncOperation precedents), so db:check-drift stays green.
20260709130000_drop_email_message_setting_lodge_identity_columns	contract	20260708000100_add_lodge_id_scoping_expand	yes	Contract drop of the EmailMessageSetting legacy lodge-identity columns (lodgeName, lodgeTravelNote, doorCode) after this same release refactors email identity resolution to always read from Lodge (default lodge when no lodgeId is in scope), retiring syncSoleActiveLodgeIdentity. Single-release disposition per the 20260708220100/20260708220200/20260708220300 precedent. OLD-CODE CAVEAT: the previously deployed colour's Prisma client still names the three columns in its default SELECT/RETURNING lists on the singleton, so between migrate and cutover: member-facing email sends DEGRADE but do not fail (loadPersistedEmailMessageSettings catches the error and falls back to config defaults, and per-booking lodge identity already reads from Lodge on that colour), while the admin email-settings GET/PUT and the lodge-admin create/update routes (whose transactions call the retired sync upsert) error with column-does-not-exist until cutover - admin-only, brief, retryable. Zero data loss: the migration first backfills the default lodge's travelNote/doorCode from the singleton where the Lodge values are NULL (default_lodge_id() as replaced by 20260709120000: isDefault flag first, else oldest active, else oldest - matching the app's getDefaultLodgeId and this release's email resolveLodgeIdentity); Lodge.name is NOT NULL and authoritative so a divergent email-only lodgeName is superseded by design. EmailMessageSetting is a single-row config table (not in HOT_TABLE_SQL_REGEX); the backfill touches at most one Lodge row and DROP COLUMN is a metadata-only catalog change with a brief ACCESS EXCLUSIVE lock. Deploy in a quiet window with old traffic idle or drained and use ALLOW_BREAKING_BLUE_GREEN_MIGRATIONS=1 with that acknowledgement as the override reason.
20260710000100_redact_audit_log_door_codes	metadata-only	n/a	yes	Idempotent data repair (#1665): four action-scoped UPDATEs rewrite plaintext door codes in historical AuditLog metadata to the '[set]' redaction convention that PR #1663 established going forward. Covered: LODGE_CREATED/LODGE_UPDATED/LODGE_ACTIVATED/LODGE_DEACTIVATED newLodge/previousLodge.doorCode (the [id] route emits all three update-family actions with the same metadata shape, unredacted from the multi-lodge release until #1663), plus EMAIL_MESSAGE_SETTINGS_UPDATED previousSettings/newSettings.doorCode purely defensively (its redactor shipped in the same commit as the field, so plaintext rows are not expected; the statements are shape-guarded no-ops). The columns themselves were dropped by 20260709130000; this touches only audit history. Shape-guarded jsonb_set: only JSON string values other than '[set]' change, JSON nulls keep recording that no code was set, and re-running is a no-op. No data loss beyond the deliberate secret removal; whether a code existed remains recorded. No DDL; AuditLog is not in HOT_TABLE_SQL_REGEX; the UPDATEs use the indexed action column and take brief row locks on matching admin-audit rows only. Old-colour compatibility is total (both colours only read metadata for display; the value shape stays a JSON string). Safe at any traffic level; this row exists for documentation like the 20260708220000 metadata-only precedent.
20260710130000_add_partner_invite_token	expand	n/a	yes	Expand-only CREATE TABLE of the brand-new PartnerInviteToken (#1682) plus its indexes and two FKs. All DDL targets the new, empty table: the CREATE INDEX builds scan zero rows, and the ALTER TABLE ... ADD CONSTRAINT ... REFERENCES statements take only a brief ROW SHARE lock on the referenced FamilyGroup and Member tables (no validation scan is needed because the referencing table is empty) — flagged by the hot-table regex solely because those two referenced names appear in the FK clauses; neither hot table is rewritten, scanned, or row-locked. Old-colour compatibility is total: the previously deployed Prisma client has no PartnerInviteToken model and never reads or writes the table, and no existing table changes shape. No backfill. Safe at any traffic level.
20260711100000_add_member_partner_link	expand	n/a	yes	Expand-only migration for the declared Partner/Husband/Wife relationship (#1742): CREATE TABLE MemberPartnerLink (canonical-pair CHECK, pair unique, five indexes, two raw partial unique indexes for the one-CONFIRMED-partner-per-member invariant — documented in prisma/partial-unique-indexes.tsv) plus ALTER TABLE PartnerInviteToken ADD COLUMN createPartnerLink BOOLEAN NOT NULL DEFAULT false. All MemberPartnerLink DDL targets the brand-new empty table; its five Member FKs take only a brief ROW SHARE lock on Member (no validation scan — the referencing table is empty), matched by the hot-table regex solely because Member appears in the FK clauses. The PartnerInviteToken ADD COLUMN with a constant default is a PG16 catalog-only change (no rewrite) on a tiny, cold table, and old code ignores the new column (single-use claim guards are updateMany-based, unaffected). Old-colour compatibility is total: the previous Prisma client has no MemberPartnerLink model and its PartnerInviteToken selects name only pre-existing columns. No backfill. Safe at any traffic level.
20260711120000_add_booking_admin_capacity_hold	expand	n/a	yes	Expand-only ADD COLUMN of the nullable Booking.adminCapacityHoldAt / adminCapacityHoldByMemberId admin-hold fields (#1764) plus an index and a SET NULL FK to Member. The two nullable ADD COLUMNs (no default) are metadata-only catalog changes taking a brief ACCESS EXCLUSIVE lock with no table rewrite and no row scan. CREATE INDEX scans Booking once to build over a brand-new all-NULL column (brief SHARE lock on writes; reads unaffected; the scan is fast because it writes no index entries for NULLs beyond bookkeeping). ADD CONSTRAINT ... REFERENCES Member validates existing Booking rows, but every row is NULL in the new column so the validation scan matches nothing and completes quickly (SHARE ROW EXCLUSIVE on Booking, ROW SHARE on Member, both brief). Flagged by the hot-table regex because ALTER TABLE names Booking and the FK names Member. Old-colour compatibility is total: the previously deployed Prisma client has no model fields for these columns and never reads or writes them; only the new colour's admin hold/unhold routes and capacity filter touch them, and nullable + all-NULL rows satisfy both the index and the FK during the migrate->cutover window. No backfill (no booking is admin-held before the feature ships). Safe at any traffic level; prefer a low-write window for the index build on very large Booking tables.
20260711140000_add_booking_capacity_override	expand	n/a	yes	Expand-only ADD COLUMN of the nullable Booking.capacityOverriddenAt / capacityOverriddenByMemberId persisted-override fields (#1771) plus an index and a SET NULL FK to Member. The two nullable ADD COLUMNs (no default) are metadata-only catalog changes taking a brief ACCESS EXCLUSIVE lock with no table rewrite and no row scan. CREATE INDEX scans Booking once to build over a brand-new all-NULL column (brief SHARE lock on writes; reads unaffected; the scan is fast because it writes no index entries for NULLs beyond bookkeeping). ADD CONSTRAINT ... REFERENCES Member validates existing Booking rows, but every row is NULL in the new column so the validation scan matches nothing and completes quickly (SHARE ROW EXCLUSIVE on Booking, ROW SHARE on Member, both brief). Flagged by the hot-table regex because ALTER TABLE names Booking and the FK names Member. Old-colour compatibility is total: the previously deployed Prisma client has no model fields for these columns and never reads or writes them; only the new colour over-capacity admission sites and payment-time re-checks touch them, and nullable + all-NULL rows satisfy both the index and the FK during the migrate->cutover window. No backfill (no booking carries a persisted override before the feature ships). Safe at any traffic level; prefer a low-write window for the index build on very large Booking tables.
20260712100000_reseed_untouched_club_theme_teal	metadata-only	n/a	yes	Idempotent data-only correction (#1832) of the singleton default ClubTheme row from the legacy generic sage palette to the current generic teal defaults. The single UPDATE is guarded by id='default', completedAt IS NULL, and an exact match on every stored legacy theme value after the earlier #1244 gold bump (all seven colours, both fonts, NULL logo, and empty raw CSS), so completed, partially customized, Tokoroa, and non-default themes are untouched. ClubTheme is a cold singleton settings table; the statement takes at most one brief row lock and performs no DDL. Old and new colours render both palettes, so blue/green compatibility is total and the migration is safe at any traffic level.
20260712130000_add_lobby_display	expand	n/a	yes	Consolidates the six never-shipped lobby-display feature-branch migrations (schema, name granularity, device templateKey, notice, authoring v2, poll seconds) into ONE expand migration, per ADR-003 and issue #86 (LTV-040) which re-layers the branch onto clean history before the single upstream PR. Purely additive: creates the DisplayLayout, DisplayTemplate and LodgeDisplayDevice tables plus three nullable Lodge columns (displayConfig, displayNameGranularity, displayNotice) and the flagged-off ClubModuleSettings.lobbyDisplay boolean. The boolean is an ADD COLUMN with a constant DEFAULT false, which is a metadata-only catalog change on modern Postgres (no table rewrite, no row scan); the nullable columns and CREATE TABLEs are likewise metadata-only, taking only brief locks on empty, unreferenced objects. DisplayLayout/DisplayTemplate/LodgeDisplayDevice are absent from HOT_TABLE_SQL_REGEX and Lodge/ClubModuleSettings gain only additive columns. old_code_compatible=yes: the previously deployed colour has no Prisma model field for any of these tables, columns or the boolean and never reads or writes them (the lobbyDisplay module flag defaults OFF and no production club has enabled it, so the feature never shipped). Any staging/dev database that applied the superseded migrations must be reset with a fresh migrate deploy — the documented ADR-003 clean-slate plan for this unshipped branch; this migration never runs against a production blue/green window. Safe at any traffic level.
20260713000000_add_phone_optin_fields	expand	n/a	yes	Expand-only additive ADD COLUMN of Member.lodgeScreenPhoneOptIn and Lodge.showGuestPhonesOnScreens (both BOOLEAN NOT NULL DEFAULT false), the two-sided phone-visibility opt-in for lodge screens (#37/#124). ADD COLUMN with a constant default is a metadata-only catalog change on modern Postgres (no table rewrite, no row scan), taking a brief ACCESS EXCLUSIVE lock. Flagged by the hot-table regex only because ALTER TABLE names Member; no rewrite/scan occurs. Old-colour compatible: the previously deployed Prisma client has no field for either column and never reads or writes them, and both default false preserves current behaviour (no phones shown). No backfill. Enforcement is deferred to the serialisers (#125). Safe at any traffic level.
20260713110000_authoritative_fee_schedules	expand	n/a	yes	Additive fee-authority migration (#1855): creates two new schedule tables/enums and btree_gist exclusion constraints; adds nullable public-copy/listing fields and FamilyGroup.billingMembershipId, a Prisma-representable SET NULL FK to the selected FamilyGroupMember row. The API accepts a member ID only after resolving an active, unarchived membership in the same family; deleting that join row clears the recipient automatically. The public flag has a constant false default (PG16 catalog-only); the nullable FamilyGroup column is metadata-only. Index/FK creation briefly locks the cold FamilyGroup/FamilyGroupMember configuration tables and validates only an all-NULL new column, so no existing-row failure is possible. Entrance backfill reads small Xero mapping tables only, validates legacy text/range before integer cast, writes explicit UTC updatedAt values, and derives the effective date from statement time in Pacific/Auckland. Old code ignores all additions and continues using retained mapping amounts; new code is schedule-first with one-release fallback. No provider calls, destructive SQL, hot-row rewrite, or old-colour incompatibility.
20260713150000_membership_subscription_billing	expand	n/a	yes	Additive subscription-billing migration (#1857): creates new enums and cold workflow/settings/snapshot/coverage/exception tables only. Existing Member and MemberSubscription rows are not rewritten; no existing table receives a required column. Foreign keys point from initially empty tables to retained records and therefore cannot fail validation on existing data. Unique indexes and checks protect immutable charge identity, one charge per subscription, one charge per family/membership-type/year, integer-cent/non-negative amounts, inclusive-month bounds, due-day bounds, and zero-cent NO_INVOICE snapshots; nullable account/item columns freeze provider mapping only on new invoice charges. Old code ignores all additions while new code uses the durable tables. No provider calls, destructive SQL, hot-table rewrite, or old-colour incompatibility.
20260714000000_add_exclusive_hold_fields	expand	n/a	yes	Expand-only additive migration for the exclusive whole-lodge hold (#116/#117, ADR-001): ADD COLUMN Booking.wholeLodgeHold (BOOLEAN NOT NULL DEFAULT false), Booking.wholeLodgeHoldAt (nullable), Booking.wholeLodgeHoldByMemberId (nullable), and BookingRequest.exclusivityRequested (BOOLEAN NOT NULL DEFAULT false). ADD COLUMN with a constant default is a metadata-only catalog change on modern Postgres (no table rewrite, no row scan), a brief ACCESS EXCLUSIVE lock; the nullable columns are likewise metadata-only. Adds a plain (non-CONCURRENT) index Booking_wholeLodgeHoldByMemberId_idx and an FK to Member(id) ON DELETE SET NULL: the index build takes a SHARE lock blocking Booking writes for its (all-null, fast) build, and ADD CONSTRAINT validates existing rows (all null, trivially valid) under a brief lock — both acceptable at this table's size; switch to CREATE INDEX CONCURRENTLY if Booking grows large. Flagged by the hot-table regex only because ALTER TABLE names Booking. Old-colour compatible: the previously deployed Prisma client has no fields for these columns and never reads or writes them, and every default preserves current behaviour (no exclusive holds). No backfill. Capacity enforcement is deferred to #118.
20260714120000_add_public_content_settings	expand	n/a	yes	Additive public-content visibility migration (#1856): creates one cold singleton settings table only, with five boolean gates defaulting false. No existing table or row is altered, and old code ignores the new table. New code treats a missing singleton exactly like all-false, so mixed blue/green colours remain fail-closed and compatible before and after migration. The empty-table CREATE and primary-key index take no hot-row locks, perform no backfill or provider call, and are safe at any traffic level.
20260714140000_drop_committee_member	contract	20260629130000_add_committee_roles_assignments	yes	Contract drop of the legacy standalone public CommitteeMember directory table (added 20260410020000) after the member-linked committee system (CommitteeRole + CommitteeAssignment, added 20260629130000_add_committee_roles_assignments) superseded it: the public committee (/api/committee, the {{committee-members-cards}} embed) and contact recipient routing read only from published active assignments, and this release retires the last reader/writer, the admin committee CRUD. Single-release disposition per the 20260708220100/20260708220200/20260708220300 precedent. OLD-CODE CAVEAT: because the admin CRUD only retires in THIS release, the previously deployed colour still models CommitteeMember and its admin committee GET/POST/PATCH/DELETE routes read and write the table, so between migrate and cutover those admin-only routes error with relation-does-not-exist until cutover; the public committee and contact surfaces already read from assignments on both colours and are unaffected. old_code_compatible=yes is asserted in the promo-redesign sense (20260526120000): deploy only with old traffic idle or routed to the new runtime and use ALLOW_BREAKING_BLUE_GREEN_MIGRATIONS=1 with that operator acknowledgement (prefer a low admin-traffic window). Zero data loss beyond the retired directory: the role/assignment backfill ran while the table existed (20260629130000, 20260701130000) and no assignment or contact data lives only in CommitteeMember. Free-standing table with no foreign keys in or out (not in HOT_TABLE_SQL_REGEX); DROP TABLE without CASCADE takes a brief ACCESS EXCLUSIVE lock on this low-write admin-only table with no row-validation scan, and the CommitteeMember_contactKey_key unique index drops with it. The migration file's in-file comment "Drop after cutover" predates the current pipeline — migrations run at deploy step 13, before cutover at step 16 — and this ledger/docs deployment order is authoritative.
20260715120000_add_family_billing_mode	expand	n/a	yes	Additive family-billing-mode migration (#159): CREATE TYPE FamilyBillingMode and ALTER TABLE MembershipSubscriptionBillingSettings ADD COLUMN familyBillingMode with a constant default of BILL_FAMILY_VIA_BILLING_MEMBER. The ADD COLUMN with a constant default is a PostgreSQL 11+ catalog-only change (no table rewrite, brief ACCESS EXCLUSIVE lock) on the single-row (id='default') settings table, and CREATE TYPE only registers a new enum. MembershipSubscriptionBillingSettings is a cold admin-only singleton and is not in HOT_TABLE_SQL_REGEX. Old-colour compatibility is total: the previously deployed Prisma client has no model field for the new column and never reads or writes it; only the new colour's subscription-billing settings surface and billing/fee-config guards consult it, and the default preserves today's family-billing behaviour for every existing deployment during the migrate->cutover window. No backfill and no provider call. Safe at any traffic level.
20260715140000_add_processed_webhook_event_lease	expand	n/a	yes	Additive expand-only webhook-dedup lease migration (F16, #1887): ALTER TABLE ProcessedWebhookEvent ADD COLUMN status (TEXT NOT NULL DEFAULT 'PROCESSING') and processingStartedAt (TIMESTAMP(3) NOT NULL DEFAULT CURRENT_TIMESTAMP). Both column defaults are constant/STABLE, so each ADD COLUMN is a PostgreSQL 11+ catalog-only change (no table rewrite, brief ACCESS EXCLUSIVE lock). The one-time backfill sets status='COMPLETED' only for rows before the explicit UTC release cutoff 2026-07-15 00:00:00; the fixed cutoff avoids session-clock-dependent DML and deliberately leaves newer rows at PROCESSING for safe idempotent reprocessing on redelivery. Old-colour compatible: the previously deployed Prisma client has no status/processingStartedAt fields and never reads or writes them; its inserts during the migrate->cutover window land at the PROCESSING default and are safely reprocessed by the new colour on redelivery rather than ACKed as done, so no event is dropped. New colour sets PROCESSING explicitly and flips to COMPLETED on success. No provider calls, no destructive SQL, no foreign-key or index changes. The table has no pruning job, so the bounded historical backfill may scan its history once but never rewrites newer rows or repeats.
20260717100000_add_member_subscription_manual_payment	expand	n/a	yes	Expand-only additive migration for manual mark-paid provenance (E14, #1944): ALTER TABLE MemberSubscription ADD COLUMN manuallyMarkedPaidAt (nullable TIMESTAMP), manuallyMarkedPaidByMemberId (nullable TEXT), manualPaymentNote (nullable VARCHAR(500)). Nullable ADD COLUMN with no default is a metadata-only catalog change on modern Postgres (no table rewrite, no row scan), a brief ACCESS EXCLUSIVE lock. Adds a plain (non-CONCURRENT) index MemberSubscription_manuallyMarkedPaidByMemberId_idx and an FK to Member(id) ON DELETE SET NULL: the index build takes a SHARE lock blocking MemberSubscription writes for its (all-NULL, fast) build, and ADD CONSTRAINT validates existing rows (all NULL, trivially valid) under a brief lock — both acceptable at this table's size (one row per member per season); switch to CREATE INDEX CONCURRENTLY if it grows large. Flagged by the hot-table regex because ALTER TABLE names MemberSubscription and the FK REFERENCES Member. Old-colour compatible: the previously deployed Prisma client has no fields for these columns and never reads or writes them; all columns are nullable so existing writers are unaffected, and NULL provenance preserves current behaviour (no manual payments recorded). No backfill.
20260717140000_pricing_rekey_by_membership_type	expand	n/a	yes	Additive pricing re-key migration (#1930, E4): ADD COLUMN MembershipType.ageGroupsApply (BOOLEAN NOT NULL DEFAULT true), BookingGuest.rateMembershipTypeId (nullable TEXT), XeroItemCodeMapping.membershipTypeId (nullable TEXT), and GroupDiscountSetting.rateMembershipTypeId (nullable TEXT); CREATE TABLE MembershipTypeSeasonRate; new btree + raw-SQL partial unique indexes; and a one-time fan-out backfill. Every ADD COLUMN uses a constant/NULL default, so each is a PostgreSQL 11+ catalog-only change (no table rewrite, brief ACCESS EXCLUSIVE lock) even on hot BookingGuest — flagged by the hot-table regex only because ALTER TABLE names BookingGuest; no rewrite or row scan occurs. The new MembershipTypeSeasonRate table and its indexes build empty then take the backfill INSERTs. New unique/partial indexes on the cold XeroItemCodeMapping config table validate only rows whose membershipTypeId is NULL (all pre-existing rows), so they are trivially distinct and cannot fail. The fan-out backfill INSERTs copy SeasonRate/XeroItemCodeMapping HUT_FEE rows into the new key (isMember=true -> every MEMBER_RATE type, isMember=false -> NON_MEMBER) and set GroupDiscountSetting.rateMembershipTypeId to the FULL type id; it reads small config tables only, writes literal constant UTC timestamps ('2026-07-16 00:00:00') for createdAt/updatedAt, uses ON CONFLICT DO NOTHING on the HUT_FEE fan-out (legacy NULL-ageTier duplicate rows cannot abort it; oldest row wins), and performs no provider call or destructive SQL. Old-colour compatible: the previously deployed Prisma client has no field for any new column or the new table and never reads or writes them; the legacy boolean-keyed SeasonRate table and XeroItemCodeMapping.isMember column are RETAINED and still price/invoice on the old colour, so both colours resolve identical day-one prices and item codes during migrate->cutover. New code prices from MembershipTypeSeasonRate and reads the BookingGuest snapshot (NULL falls back isMember -> FULL/NON_MEMBER). No destructive SQL, no hot-row rewrite, no old-colour incompatibility; the retained structures drop in the deferred E13.
20260716140000_xero_member_grouping	expand	n/a	yes	Xero member-grouping cutover (E8, #1934): creates the XeroMemberGroupingMode enum and the cold singleton XeroGroupingSettings table, then converges grouping config on the small admin-only XeroContactGroupRule table — a first-run-only UPDATE deactivates every pre-existing rule the migration did not backfill itself (fenced inside a DO-block on the settings singleton not existing, so re-runs never deactivate rules admins create via the new UI), a defensive DELETE dedupes rule shapes (earliest createdAt/id wins, NULLs comparing equal) before the NULLS NOT DISTINCT unique index builds, and INSERT ... SELECT backfills copy AgeTierSetting/AgeTierXeroAcceptedContactGroup group config into tier-only rules with deterministic ids and ON CONFLICT DO NOTHING. All INSERT/UPDATE payloads write explicit UTC via timezone('UTC', statement_timestamp()) — no session-clock CURRENT_TIMESTAMP/now() DML (#1627/#1656 gate); the only CURRENT_TIMESTAMP is a DDL column DEFAULT. No hot table is touched (none of these tables is in HOT_TABLE_SQL_REGEX) and there is no destructive SQL; the UPDATE/DELETE take brief row locks on a config table that is typically tens of rows, and the unique-index build over it is near-instant. Performs ZERO Xero calls: only local config rows change, and no member is re-grouped until a later trigger or the runbook's admin-run dry-run + bulk re-sync. OLD-CODE CAVEAT (window-bounded, admin-only): the table keeps its exact shape, so the previously deployed colour keeps working — its live sync never read XeroContactGroupRule, and its membership-types editor still lists/saves rules; a rule save on the draining old colour rewrites that type's rows (delete + recreate, potentially isActive=true again), which the old colour still ignores but the new colour would treat as live config. Old-editor rows are always type-keyed and app-deduped, so they cannot violate the new unique index. Deploy in a quiet admin window, cut over promptly, and re-verify runbook step 2 (only tier-only backfill rules active) before any bulk re-sync. Safe at any traffic level otherwise; this row exists for documentation like the 20260709000100 precedent.
20260721110000_add_member_photos	expand	n/a	yes	Member-photos schema foundation (MP1, #189/#171): CREATE TYPE MediaImageKind enum; ALTER TABLE Member ADD COLUMN photoImageId (nullable TEXT), photoUpdatedAt (nullable TIMESTAMP), photoUpdatedByMemberId (nullable TEXT); ALTER TABLE MediaImage ADD COLUMN kind (MediaImageKind NOT NULL DEFAULT 'CONTENT'). Every ADD COLUMN uses a NULL or CONSTANT default, so each is a PostgreSQL 11+ catalog-only change (no table rewrite, no row scan), a brief ACCESS EXCLUSIVE lock; the kind default backfills every pre-existing image to CONTENT as a metadata-only change (the sole backfill, a constant). Adds plain (non-CONCURRENT) btree indexes Member_photoImageId_idx and MediaImage_kind_idx (built over all-NULL / uniform columns, near-instant) and a nullable FK Member.photoImageId -> MediaImage(id) ON DELETE SET NULL (ADD CONSTRAINT validates the all-NULL column trivially). Member is named by the ALTER TABLE and the FK, so the hot-table regex flags this row for documentation; no rewrite or scan of existing Member rows occurs. Old-colour compatible: the previously deployed Prisma client has no field for any new column and never reads or writes them; MediaImage rows keep defaulting to CONTENT so the old colour's unfiltered media picker and the new colour's kind=CONTENT picker surface the identical set during migrate->cutover, and NULL photoImageId preserves current behaviour (no member photos). No destructive SQL, no provider calls, no hot-row rewrite. No backfill beyond the constant kind default.
20260717170000_joining_fee_model	expand	n/a	yes	Additive joining-fee re-key migration (#1931, E5): CREATE TABLE JoiningFee (keyed by membershipTypeId x optional AgeTier, integer-cent CHECK, date-order CHECK), its btree unique + effective-lookup indexes and one raw-SQL partial unique (WHERE "ageTier" IS NULL, recorded in prisma/partial-unique-indexes.tsv), a RESTRICT FK to the cold MembershipType config table, a one-time fan-out backfill, and an UPDATE re-keying the ENTRANCE_FEE XeroItemCodeMapping rows to JOINING_FEE. The new JoiningFee table and its indexes build empty then take the backfill INSERTs. The fan-out reads only the small EntranceFee/XeroItemCodeMapping/XeroAccountMapping config tables, copies every EntranceFee window verbatim (plus a materialised open window from any legacy mapping amount for a category lacking a schedule row) into JoiningFee — ADULT/YOUTH/CHILD(+INFANT fold) tiers of every liable membership type, FAMILY amount to the built-in Family type as a flat NULL-tier row — writes literal UTC timestamps via timezone(UTC, statement_timestamp()) for createdAt/updatedAt (the only session-derived value is an honest Pacific/Auckland boundary date for a materialised legacy window, matching the 20260713110000 precedent), uses ON CONFLICT DO NOTHING, and performs no provider call or destructive SQL. The EntranceFee table and XeroItemCodeMapping amounts are RETAINED (E13 drops EntranceFee after a soak); the amount source is copied, not moved. None of JoiningFee/MembershipType/XeroItemCodeMapping/XeroAccountMapping is in HOT_TABLE_SQL_REGEX. OLD-CODE CAVEAT (window-bounded, MONEY-AFFECTING): the EntranceFee schedule table is NEW in this release, so the previously deployed colour never reads it; once this UPDATE re-keys the ENTRANCE_FEE XeroItemCodeMapping rows to JOINING_FEE, the OLD colour resolves BOTH the item code AND the amount of a new entrance-fee invoice from the legacy flat entranceFeeItem/entranceFeeAmountCents mappings — during the migrate->cutover window it can mint a wrong per-category amount, or (if the flat amount is unset) mark the operation SUCCEEDED/skipped so the invoice is silently never created. Operations queued BEFORE the window carry frozen amount/item payloads and replay safely. New code reads JoiningFee for amounts and JOINING_FEE item codes. Membership approvals and entrance-fee minting must be fully idle on the OLD colour from migrate until cutover. No hot-row rewrite; safe at any traffic level otherwise.
20260717195000_annual_fee_components_and_billing_family	expand	n/a	yes	Additive annual-fee-components + billing-family migration (#1932, E6): CREATE TABLE MembershipAnnualFeeComponent (CASCADE FK to the cold MembershipAnnualFee config table) and MembershipSubscriptionChargeComponent (RESTRICT FK to MembershipSubscriptionCharge), their sortOrder btree indexes, ADD COLUMN Member.billingFamilyGroupId (nullable TEXT) with a btree index and a SET NULL FK to FamilyGroup, and two one-time additive backfills. The nullable ADD COLUMN takes no default so it is a PostgreSQL catalog-only change (no table rewrite, brief ACCESS EXCLUSIVE lock) even though ALTER TABLE names the hot Member table — no rewrite or row scan occurs, and the new index is a plain (non-CONCURRENT) build over a nullable column that is NULL for every existing row — fast, but briefly blocking writes to Member while it builds. Both new component tables build empty then take the backfill INSERTs. Backfill 1 inserts one default component per existing non-NO_INVOICE MembershipAnnualFee (label Annual membership fee, amount = fee.amountCents, prorate true). Backfill 2 inserts one frozen snapshot component per existing invoiceable MembershipSubscriptionCharge (billingBasis <> NO_INVOICE AND xeroAccountCode IS NOT NULL) derived VERBATIM from the charge frozen columns, description rebuilt from the exact historical invoice-build template incl. pluralization; both backfills read only these tables, write gen_random_uuid ids and constant timezone('UTC', statement_timestamp()), and perform no provider call or destructive SQL. No existing charge, invoice, or amount is mutated (owner-approved additive derivation, 2026-07-16). Old-colour compatible: the previously deployed Prisma client has no field for either new table or the new column and never reads or writes them; the annual-fee total stays authoritative so the old colour continues to mint the identical single-line invoice during migrate->cutover, and the new colour reads components to emit one line per component (a backfilled legacy charge reproduces the identical single line). No destructive SQL, no hot-row rewrite. Safe at any traffic level.
20260717200000_public_content_annual_fees	expand	n/a	yes	Additive public-content visibility gate (#1933, E7): ALTER TABLE PublicContentSettings ADD COLUMN annualFees (BOOLEAN NOT NULL DEFAULT false), the double-opt-in flag for the new {{annual-fees}} public embed. A nullable-with-constant-default ADD COLUMN is a PostgreSQL 11+ catalog-only change (no table rewrite, no row scan, brief ACCESS EXCLUSIVE lock) on the cold singleton PublicContentSettings table (one row, id=default); the table is not in HOT_TABLE_SQL_REGEX. Two back-compat backfills follow (E7 review, Findings F1/F2), each a small UPDATE on a cold, non-HOT_TABLE_SQL_REGEX config table with no session clock and no provider call: (F2) UPDATE PublicContentSettings SET annualFees = membershipTypes seeds the new {{membership-types}}/{{annual-fees}} gate from the retired legacy membershipTypes toggle so a previously-visible embed stays visible (one-row singleton; legacy column retained, not dropped); (F1) UPDATE MembershipType SET publiclyListed = true WHERE key IN ('FULL','FAMILY') AND publiclyListed = false restores the E6 unconditional FULL/FAMILY joining-fee headline under E7's new publiclyListed filter (publiclyListed is a query filter only on the gated fee embeds; guarded on = false so it is a no-op for already-listed types; touches at most two built-in config rows). No index, no foreign-key, no destructive SQL. Old-colour compatible: the previously deployed Prisma client has no annualFees field and never reads or writes it; the backfills only widen the values the NEW colour reads to match E6-era public output. Safe at any traffic level.
20260718130000_add_magic_link	expand	n/a	yes	Additive email magic-link sign-in migration (#2034, epic #2030): ALTER TABLE ClubModuleSettings ADD COLUMN magicLink (BOOLEAN NOT NULL DEFAULT false) and CREATE TABLE MagicLinkToken (tokenHash unique, memberId, expiresAt, used, createdAt) with a unique index on tokenHash, a btree index on memberId, and an ON DELETE CASCADE FK to Member(id). The ADD COLUMN carries a constant default, so it is a PostgreSQL 11+ catalog-only change (no table rewrite, brief ACCESS EXCLUSIVE lock) on the cold single-row (id=default) ClubModuleSettings settings table, which is not in HOT_TABLE_SQL_REGEX. The new MagicLinkToken table and its indexes build empty. The migration is flagged by the hot-table regex only because the new FK REFERENCES Member; ADD CONSTRAINT on a brand-new, empty child table validates nothing against Member and takes only a brief lock to register the constraint (no scan of Member). No backfill, no provider call, no destructive SQL. Old-colour compatible: the previously deployed Prisma client has no magicLink field and no MagicLinkToken model and never reads or writes either; the flag defaults OFF so magic-link sign-in stays disabled through the migrate->cutover window until an admin enables the module. Safe at any traffic level.
20260719120000_add_google_oauth	expand	n/a	yes	Additive Google OAuth sign-in migration (#2035, epic #2030): ALTER TABLE ClubModuleSettings ADD COLUMN googleLogin (BOOLEAN NOT NULL DEFAULT false) and ALTER TABLE Member ADD COLUMN googleSub (nullable TEXT) with a UNIQUE index Member_googleSub_key. The googleLogin ADD COLUMN carries a constant default, so it is a PostgreSQL 11+ catalog-only change (no table rewrite, brief ACCESS EXCLUSIVE lock) on the cold single-row (id=default) ClubModuleSettings table, which is not in HOT_TABLE_SQL_REGEX. The googleSub ADD COLUMN takes NO default, so it is likewise a metadata-only catalog change (no row scan, no rewrite) even though ALTER TABLE names the hot Member table — flagged by the hot-table regex only for naming Member. The unique index builds over an all-NULL column (NULLs never collide), so it is a fast, trivially-distinct build that briefly blocks Member writes; switch to CREATE UNIQUE INDEX CONCURRENTLY if Member is very large. No backfill, no provider call, no destructive SQL. Old-colour compatible: the previously deployed Prisma client has no googleLogin field and no Member.googleSub field and never reads or writes either; the flag defaults OFF so Google sign-in stays disabled through the migrate->cutover window until an admin enables the module AND a member links their account from their profile. Safe at any traffic level.
20260719130000_add_based_on_age_tier_subscription_behavior	expand	n/a	yes	Additive per-age-tier subscription-behavior migration (#2041): ALTER TYPE "MembershipTypeSubscriptionBehavior" ADD VALUE IF NOT EXISTS 'BASED_ON_AGE_TIER'. Pure enum-label registration — no table, column, index, FK, backfill, provider call, or destructive SQL, and no existing MembershipType row is changed (every seeded/existing type keeps REQUIRED or NOT_REQUIRED). ALTER TYPE ADD VALUE cannot run in a transaction that also USES the new label, but this migration only registers it (never references it), so Prisma's per-migration transaction is safe; IF NOT EXISTS makes re-runs idempotent. Not a hot table (MembershipType is a cold admin-only config table, absent from HOT_TABLE_SQL_REGEX). Old-colour compatible: additive enum values are safe because no old colour is asked to read a BASED_ON_AGE_TIER row during the migrate->cutover window — the label is only ever written by the new colour's membership-types editor after cutover, so old Prisma clients keep deserialising the unchanged REQUIRED/NOT_REQUIRED rows (same additive-enum pattern as 20260525000000 and 20260702170000). Safe at any traffic level.
20260719170000_xero_grouping_age_tiers_multiselect	contract	20260629160000_access_roles_membership_type_cleanup	yes	Multi-select age-tier migration for the admin-only XeroContactGroupRule config table (#2093): ADD COLUMN ageTiers ("AgeTier"[] NOT NULL DEFAULT '{}'), a guarded backfill mapping the scalar ageTier -> [ageTier] (NULL -> the default empty array = "all tiers"), DROP the old rule-shape partial unique index and the ageTier btree index, DROP COLUMN ageTier, a defensive array-equality shape-dedupe (keep earliest createdAt/id; NULLs-not-distinct on membershipTypeId; the scalar->array map is bijective so no NEW collision is possible), then recreate XeroContactGroupRule_shape_unique over ("membershipTypeId","ageTiers",mode,"groupId") NULLS NOT DISTINCT WHERE "groupId" IS NOT NULL (btree array_ops equality; canonical-sorted storage collapses [ADULT,YOUTH]==[YOUTH,ADULT]). The partial index is re-recorded in prisma/partial-unique-indexes.tsv; prisma migrate diff / db:check-drift stays green because the always-true predicate hides it. previous_expand_release names 20260629160000_access_roles_membership_type_cleanup, the migration that created XeroContactGroupRule and its ageTier column. XeroContactGroupRule is a tiny admin-only config table (absent from HOT_TABLE_SQL_REGEX): the ADD COLUMN with a constant default is a PG11+ catalog-only change, the backfill UPDATE and dedupe DELETE take brief row locks on tens of rows, DROP COLUMN/DROP INDEX are metadata-only catalog changes with brief ACCESS EXCLUSIVE locks, and the unique-index build over the array column is near-instant. The migration writes explicit values only in the backfill (no session-clock DML; it sets no timestamp columns) and performs ZERO Xero calls — no member is re-grouped until a later trigger or the runbook's admin-run dry-run + bulk re-sync. OLD-CODE CAVEAT (window-bounded, admin-only): because the column is DROPPED, the previously deployed colour's Prisma client still names ageTier in its SELECTs — the live member-grouping sync (getActiveXeroGroupingRules), the member-grouping admin route (loadConfig), the membership-types reorder route select, and the membership-types editor — so between migrate and cutover those grouping/membership-type reads error with column-does-not-exist until cutover. The live sync path fails closed (a member edit/age-up that would re-group simply errors and is retried post-cutover; no partial write, no money, no booking capacity). old_code_compatible=yes is asserted in the promo-redesign sense (20260526120000 / 20260708220100-220300 precedent): deploy only with old grouping/membership-admin traffic idle or routed to the new runtime, cut over promptly (prefer a quiet admin window), and use ALLOW_BREAKING_BLUE_GREEN_MIGRATIONS=1 with that operator acknowledgement as the override reason. Zero data loss: every existing rule maps 1:1 to its array form; a scalar tier becomes a single-element set and a NULL "Any age" rule becomes the empty "all tiers" set, resolving identically post-migration.
20260719140000_annual_fee_age_tier	expand	n/a	yes	Additive per-age-tier annual-fee migration (#2067): ALTER TABLE MembershipAnnualFee ADD COLUMN ageTier ("AgeTier", NULLABLE, no default) plus index/constraint reshaping to mirror the JoiningFee flat-vs-tier keying — DROP the (membershipTypeId, effectiveFrom) unique and CREATE the (membershipTypeId, ageTier, effectiveFrom) unique, one raw-SQL partial unique (WHERE "ageTier" IS NULL), a widened effective-lookup btree including ageTier, TWO partial GiST no-overlap EXCLUDE constraints replacing the single per-type EXCLUDE — MembershipAnnualFee_flat_no_overlap (WHERE ageTier IS NULL) and MembershipAnnualFee_tier_no_overlap (adds "ageTier" WITH =, WHERE ageTier IS NOT NULL) — so flat-vs-flat and same-tier overlaps still conflict while flat-vs-tier and cross-tier coexist; the single COALESCE("ageTier"::text,'') EXCLUDE first drafted is ILLEGAL because an enum->text cast is only STABLE and Postgres rejects non-IMMUTABLE functions in an index/EXCLUDE expression (SQLSTATE 42P17); btree_gist supports enum equality natively on PG16 so the tier constraint needs no cast. The partial unique index AND both partial EXCLUDE-backed GiST indexes are recorded in prisma/partial-unique-indexes.tsv (the check-partial-indexes.sh set-equality gate inventories every partial index). Plus a raw-SQL CHECK forbidding PER_FAMILY per-tier rows. NO DML/backfill: a nullable ADD COLUMN with no default is a PostgreSQL 11+ catalog-only change (no table rewrite, no row scan, brief ACCESS EXCLUSIVE lock); every existing row keeps ageTier NULL and IS the flat row, so resolution stays byte-identical. The index DROP/CREATE and EXCLUDE swap take brief ACCESS EXCLUSIVE / SHARE locks on the cold MembershipAnnualFee config table (not in HOT_TABLE_SQL_REGEX); run during the normal deploy window and let the deploy guard stop on lock timeout. No session clock (now()/CURRENT_TIMESTAMP) is used — the migration writes no rows. Old-colour compatible: the previously deployed Prisma client has no ageTier field and resolves fees WITHOUT filtering on ageTier — pre-cutover every row is a flat (NULL-tier) row, so it reads/writes exactly the flat rows, the pre-feature behaviour; the reshaped indexes/constraints only widen the keyspace the new colour uses. CAVEAT: do NOT create per-tier rows until the cutover completes — because the OLD resolver does NOT filter by ageTier, a per-tier row is NOT invisible to it: once such a row falls in an active window the OLD colour can SELECT it for ANY member regardless of tier (first match by effectiveFrom desc) and MIS-PRICE them at the wrong tier's amount (over-resolve), not merely skip it. No provider call, no destructive DML.
20260719150000_add_post_login_landing	expand	n/a	yes	Additive per-member post-login landing preference (#2090): CREATE TYPE PostLoginLanding AS ENUM (MEMBER_DASHBOARD, ADMIN_DASHBOARD) and ALTER TABLE Member ADD COLUMN postLoginLanding (nullable, no default). CREATE TYPE registers a new enum in the catalog and touches no table. The Member ADD COLUMN takes NO default, so it is a metadata-only catalog change (no row scan, no table rewrite) even though ALTER TABLE names the hot Member table -- flagged by the hot-table regex only for naming Member. No backfill, no provider call, no destructive SQL. Old-colour compatible: the previously deployed Prisma client has no postLoginLanding field and never reads or writes it; NULL means "follow the role default" so no existing member changes landing behaviour on migrate, and the changed admin default lives entirely in the application redirect resolver. Safe at any traffic level.
20260720130000_subscription_invoice_dedup_void_release	expand	n/a	yes	Annual-subscription billing dedup + void/re-bill support (#2147). Additive EXPAND: ALTER TYPE "MembershipSubscriptionChargeStatus" ADD VALUE 'VOIDED' (catalog-only enum registration; the migration only registers the label, never USES it, so Prisma's per-migration transaction is safe — same pattern as 20260525000000 / 20260719130000); ALTER TABLE "MemberSubscription" ADD COLUMN "voidGeneration" INTEGER NOT NULL DEFAULT 0 (constant default = PostgreSQL 11+ catalog-only change, no table rewrite, brief ACCESS EXCLUSIVE lock — flagged by HOT_TABLE_SQL_REGEX only for naming MemberSubscription); ALTER TABLE "MembershipSubscriptionChargeCoverage" ADD COLUMN "releasedAt" TIMESTAMP(3) (nullable, no default, metadata-only; the coverage table is not in HOT_TABLE_SQL_REGEX); and the coverage subscriptionId keying swap — DROP INDEX "MembershipSubscriptionChargeCoverage_subscriptionId_key", CREATE the plain FK btree "..._subscriptionId_idx", and CREATE the raw-SQL partial UNIQUE "..._active_subscription_unique" (WHERE "releasedAt" IS NULL), recorded in prisma/partial-unique-indexes.tsv so the always-current predicate keeps prisma migrate diff / db:check-drift green. Existing coverage rows are all active and already unique per subscription, so the partial index builds cleanly with no collision. No DROP TABLE/COLUMN/TYPE/CONSTRAINT, no RENAME, no ALTER COLUMN TYPE/SET NOT NULL, no backfill DML, no session-clock write, and no Xero/provider call. Old-colour compatible: the previously deployed Prisma client never reads the enum value or the new columns, and CANNOT create a second coverage row per subscription (that only happens via the new re-bill-after-void runtime, an admin-initiated multi-step action that first requires the new colour's sync to release a claim), so during migrate->cutover drain there is never more than one active coverage row per subscription and the dropped full-unique constraint is never needed. Run in the normal deploy window; the coverage/index locks are on the cold membership-billing tables and the MemberSubscription ADD COLUMN is metadata-only, so let the deploy guard stop on lock timeout. Forward-only expand (no automated rollback): once any subscription accrues a released+active coverage pair after a void→re-bill, re-creating the full subscriptionId UNIQUE (the pre-#2147 shape) fails on the duplicate subscriptionId — recovery is roll-forward, not down.
20260720120000_contract_drop_entrance_fee_and_agetier_xero_group	contract	20260717170000_joining_fee_model	yes	Legacy structure contraction E13 (#1939), safe subset. Two DROP TABLEs plus one data-row delete on cold config tables; no hot table, no rewrite, no session-clock DML. Old-colour compatibility, per structure: (1) DROP TABLE "EntranceFee" — E5 (#1931, previous expand 20260717170000_joining_fee_model) re-keyed it to JoiningFee and the current runtime issues ZERO SQL against prisma.entranceFee (grep-proven at HEAD), so no draining old colour selects it; the EntranceFeeCategory enum is retained (still keys XeroItemCodeMapping.entranceFeeCategory for live JOINING_FEE item codes). (2) DROP TABLE "AgeTierXeroAcceptedContactGroup" — E8 (#1934, expand 20260716140000_xero_member_grouping) converged it into XeroContactGroupRule; no deployed code queries the table or includes the AgeTierSetting.xeroAcceptedContactGroups relation, so no old-colour SELECT/JOIN names it. (3) DELETE the entranceFeeAmountCents XeroAccountMapping row — E5 removed its only reader; inert data, key column retained. Deliberately EXCLUDED because the current runtime still SELECTs them (no-select findMany): XeroItemCodeMapping.isMember and AgeTierSetting.xeroContactGroupId/Name columns, and SeasonRate (live public {{hut-fees}} embed reader) — these need a runtime-prep release / owner decision first (superseded by the #2130 runtime-prep release — see CHANGELOG Unreleased). Run in the normal deploy window; DROP TABLE takes only a brief ACCESS EXCLUSIVE lock per cold table and the deploy guard stops on lock timeout.
20260720180000_seed_admin_lodge_membership_types	metadata-only	n/a	yes	Data-only seed of the built-in ADMIN and LODGE membership types (#2149) so the dropped role-based subscription exemption has DB-backed NOT_REQUIRED fallback types (defaultMembershipTypeKeyForRole now maps ADMIN->ADMIN, LODGE->LODGE). Two rows: an INSERT ... ON CONFLICT ("key") DO UPDATE that create-if-missing AND reconciles isBuiltIn/isActive + bookingBehavior/subscriptionBehavior of any pre-existing hand-created ADMIN/LODGE row (preserving admin-edited name/description), and an INSERT ... SELECT ... ON CONFLICT DO NOTHING seeding one ADULT MembershipTypeAgeTier row per new type. No DDL, no schema change, no destructive SQL: MembershipType and MembershipTypeAgeTier are cold admin-only config tables (neither in HOT_TABLE_SQL_REGEX) and db:check-drift stays green because schema.prisma is unchanged. All payload timestamps use explicit UTC via timezone(UTC, statement_timestamp()) — no session-clock CURRENT_TIMESTAMP/now() DML. Old-colour compatible: the previously deployed runtime resolves ADMIN/LODGE via the OLD role-based exemption and never reads these two type rows for a subscription decision, so seeding them changes no old-colour output; the new colour reads them via the role->default-type fallback after cutover. Safe at any traffic level.
20260721100000_family_season_invoice_marker	expand	n/a	yes	Operator "already invoiced" family marker (#2161, D2). Additive EXPAND: CREATE TABLE "FamilyGroupSeasonInvoiceMarker" (one new cold membership-billing table) with its four btree indexes, three foreign keys (familyGroupId -> FamilyGroup ON DELETE CASCADE; markedByMemberId / releasedByMemberId -> Member ON DELETE SET NULL), and one raw-SQL partial UNIQUE index "FamilyGroupSeasonInvoiceMarker_active_unique" (WHERE "releasedAt" IS NULL) recorded in prisma/partial-unique-indexes.tsv so prisma migrate diff / db:check-drift stays green. The table is brand-new and empty, so the partial index builds with no collision. No enum change, no ADD COLUMN on an existing table, no DROP TABLE/COLUMN/TYPE/CONSTRAINT, no RENAME, no ALTER COLUMN TYPE/SET NOT NULL, no backfill DML, no session-clock write, and no Xero/provider call. The new table is absent from HOT_TABLE_SQL_REGEX. Old-colour compatible: the previously deployed Prisma client has no FamilyGroupSeasonInvoiceMarker model, so it never reads or writes the table. During the old-colour drain the new colour CAN create active markers, but this cannot cause an old-colour double-bill: for the marker's documented use case (a real invoice already covers the family) the old colour's #2147 predicate — any live season invoice OR active per-family coverage in the group suppresses the family — is a SUPERSET that already suppresses the same family, so an old-colour confirm mints no second charge. The only residual edge is a purely manual marker with NO DB-detectable invoice or coverage anywhere in the group: an old-colour admin confirm during drain would not see that marker and could bill the family, mitigated by the standard confirm quiet window across the brief old/new overlap. The new-colour runtime is the sole writer (admin-initiated MARK/UNMARK actions) and reader (the billing builder's active-marker query). Forward-only expand (no automated rollback needed): dropping the table on rollback simply discards operator markers; recovery is roll-forward. Run in the normal deploy window; the CREATE TABLE + index/FK locks are on a brand-new empty table, so let the deploy guard stop on lock timeout.
20260720140000_billing_exception_resolution_provenance	expand	n/a	yes	Billing-exception resolution provenance (#2148, D2). Additive EXPAND: CREATE TYPE "MembershipBillingExceptionResolution" AS ENUM ('CONFIRM','PREVIEW_RECONCILE') and ALTER TABLE "MembershipBillingException" ADD COLUMN "resolvedVia" (nullable, no default; the enum-typed column is a PostgreSQL metadata-only ADD COLUMN with no table rewrite and a brief ACCESS EXCLUSIVE lock). MembershipBillingException is a cold membership-billing table (absent from HOT_TABLE_SQL_REGEX). No backfill DML runs — existing/legacy resolved rows and every OPEN row stay NULL, which is the documented "resolved before this column existed / not yet resolved" state. No DROP TABLE/COLUMN/TYPE/CONSTRAINT, no RENAME, no ALTER COLUMN TYPE/SET NOT NULL, no session-clock write, no index change, and no Xero/provider call. Old-colour compatible: the previously deployed Prisma client never names the enum type nor the resolvedVia field, so it neither reads nor writes the new column; its confirm-time updateMany continues to set only status/resolvedAt (leaving resolvedVia NULL), which the new colour treats as legacy-provenance. New colour stamps CONFIRM on confirm-superseded resolutions and PREVIEW_RECONCILE on edit-gated preview-refresh reconciliations. Run in the normal deploy window; the single metadata-only ADD COLUMN takes a brief lock on the cold table, so let the deploy guard stop on lock timeout.
20260721120000_contract_drop_season_rate	contract	20260717140000_pricing_rekey_by_membership_type	yes	Legacy hut-rate contraction, Release B (#2129 step 2): a single DROP TABLE "SeasonRate", the frozen member/non-member boolean-keyed nightly-rate table. previous_expand_release names 20260717140000_pricing_rekey_by_membership_type (#1930, E4), the expand migration that created MembershipTypeSeasonRate and fanned every SeasonRate row forward (isMember=true -> every MEMBER_RATE membership type, isMember=false -> the built-in NON_MEMBER type) while deliberately RETAINING SeasonRate as a rollback net; E13 (20260720120000_contract_drop_entrance_fee_and_agetier_xero_group, #1939) explicitly EXCLUDED it because the live public {{hut-fees}} embed still read its member/non-member split. Old-colour compatible: #2129 STEP 1 — the Release A runtime-prep PR that immediately precedes this one — re-sourced that public {{hut-fees}} embed (loadPublicHutFees / public-hut-fee-columns.ts) onto MembershipTypeSeasonRate and removed the admin season routes' unused `rates` include, eliminating the LAST application-runtime reader; this PR removes the only survivors, which were seed-time and outside src/ (the `include: { rates: true }` read and the `rates: { create: ... }` write in e2e/setup/seed-second-lodge.ts, and createMissingSeasonRates -> prisma.seasonRate.upsert plus its two call sites in prisma/seed.ts). Seeders are not the deployed web runtime, so once the #2129 step 1 release is the deployed/draining colour NO old-colour SQL names "SeasonRate" and the drop cannot raise 42P01/42703 on a draining request. DO NOT DEPLOY THIS MIGRATION UNTIL THAT RELEASE A HAS SHIPPED TO PRODUCTION AND SOAKED. Zero resolvable data loss: every row was copied forward by the E4 fan-out and all pricing, Xero item-code and public-embed reads have resolved from MembershipTypeSeasonRate since -- and the migration does not ASSUME that: it opens with a read-only pre-drop coverage guard (a DO $$ block counting SeasonRate rows with no MembershipTypeSeasonRate counterpart for the same seasonId/ageTier, RAISE EXCEPTION if any) because the E4 fan-out was conditional on the install having a MEMBER_RATE-behaviour type and a NON_MEMBER-keyed type, so a fork whose types did not match got zero output and still holds its only copy here; the guard aborts the transaction before the DROP rather than destroying it, and docs/UPGRADING.md publishes the same check as an operator pre-flight query. A guard failure means reconcile the missing per-membership-type rates, never force past it. The guard is a SELECT count only -- no DML, no session clock. Lock impact: SeasonRate is a small cold config table absent from HOT_TABLE_SQL_REGEX; DROP TABLE takes only a brief ACCESS EXCLUSIVE lock, its FK to Season is ON DELETE CASCADE and no other table references it, so no dependent object outlives the drop. No table rewrite, no row scan, no DML, no session-clock write, no provider call — run in the normal deploy window with ALLOW_BREAKING_BLUE_GREEN_MIGRATIONS=1 and let the deploy guard stop on lock timeout.
20260721130000_contract_drop_ismember_and_agetier_xero_columns	contract	20260717140000_pricing_rekey_by_membership_type	yes	Doomed-column contraction, Release B (#2130 STEP 2): DELETE the orphaned legacy HUT_FEE rows from XeroItemCodeMapping (category='HUT_FEE' AND "membershipTypeId" IS NULL — production holds 16), DROP INDEX XeroItemCodeMapping_category_ageTier_seasonType_isMember_key, ALTER TABLE XeroItemCodeMapping DROP COLUMN "isMember", and ALTER TABLE AgeTierSetting DROP COLUMN "xeroContactGroupId", DROP COLUMN "xeroContactGroupName". Two expand releases are in play and only one field is available: previous_expand_release names 20260717140000_pricing_rekey_by_membership_type (#1930, E4), which re-keyed HUT_FEE item codes from the isMember boolean onto membershipTypeId, fanned every legacy row forward and RETAINED isMember plus its old unique as a rollback net; the age-tier columns' expand release is 20260716140000_xero_member_grouping (#1934, E8), which migrated xeroContactGroupId/xeroContactGroupName into the XeroContactGroupRule table and likewise retained the columns (its AgeTierXeroAcceptedContactGroup sibling table was already dropped by 20260720120000). Old-colour compatible, and this is the whole point of the multi-step: Prisma names EVERY scalar of a model in an unnarrowed find*'s SELECT and in a create/update/upsert's implicit RETURNING, so a draining colour would hit Postgres 42703 on a dropped column. #2133 (STEP 1, SHIPPED IN v0.12.2) narrowed every READ of both models to an explicit select (xero-mappings.ts getHutFeeItemCodeMap; age-tier.ts getAgeTierSettings and friends), and THE #2130 STEP 1.5 RELEASE (Release A, the runtime-prep release immediately preceding this one) narrowed every WRITE — the Xero item-code mappings route, the age-tier settings route, the setup wizard, config self-heal and the seeds — so no mutation's RETURNING names these columns either; src/lib/__tests__/doomed-column-select-guard.test.ts statically pins that no new bare projecting call re-widens the surface. THE DROP IS LEGAL ONLY BECAUSE THAT STEP 1.5 RELEASE IS THE DEPLOYED/DRAINING COLOUR: DO NOT DEPLOY THIS MIGRATION UNTIL RELEASE A HAS SHIPPED TO PRODUCTION AND SOAKED. Data safety: the deleted rows are not resolvable for pricing by the current runtime (both the item-code resolver and the admin editor require membershipTypeId; the only paths that still touch them -- the setup-readiness HUT_FEE itemCode count and getNonSubscriptionFeeItemCodes -- read them only in aggregate and name no dropped column, so the delete merely narrows a count and a code set to the rows that actually price something) and their membership-type-keyed equivalents already exist from the E4 fan-out; they are deleted BEFORE the column drop so the surviving (category, membershipTypeId, seasonType, ageTier) unique is never left guarding rows it cannot distinguish. The 4 production AgeTierSetting rows with a non-null xeroContactGroupId are already represented as XeroContactGroupRule rows and the column data is dead. The DELETE writes no timestamp column and uses no now()/CURRENT_TIMESTAMP, satisfying the non-overridable session-clock DML gate. prisma/partial-unique-indexes.tsv is untouched — XeroItemCodeMapping_hutfee_flat_unique keys on membershipTypeId/seasonType and stays live. Lock impact: both are cold admin-only config tables absent from HOT_TABLE_SQL_REGEX; the DELETE touches ~16 rows, and DROP INDEX / DROP COLUMN are metadata-only catalog changes (no table rewrite, no row scan) taking a brief ACCESS EXCLUSIVE lock each. No provider call — no Xero contact, contact group, item or invoice is touched. Run in the normal deploy window with ALLOW_BREAKING_BLUE_GREEN_MIGRATIONS=1 and a BLUE_GREEN_MIGRATION_OVERRIDE_REASON recording the Release A soak, and let the deploy guard stop on lock timeout.
20260721140000_add_committee_photo_display	expand	n/a	yes	Committee-roster photo display setting (MP5, #193/#171): CREATE TYPE "CommitteePhotoDisplay" (NONE/CIRCLE/SQUARE) and ALTER TABLE "PublicContentSettings" ADD COLUMN "committeePhotoDisplay" (NOT NULL DEFAULT 'NONE'). CREATE TYPE is a catalog-only enum registration touching no table; the ADD COLUMN carries a constant default, so it is a PostgreSQL 11+ catalog-only change (no table rewrite, no row scan, brief ACCESS EXCLUSIVE lock) on the cold single-row (id=default) PublicContentSettings config table, absent from HOT_TABLE_SQL_REGEX. The default backfills the one existing row to NONE (committee photos hidden) — a privacy-safe opt-in. No index, FK, backfill DML, session clock, provider call, or destructive SQL. Old-colour compatible: the previously deployed Prisma client has no committeePhotoDisplay field and never reads or writes it; NONE means the public committee roster renders text-only exactly as before, so no old-colour output changes during migrate->cutover. Safe at any traffic level.
20260722150000_add_backup_run	expand	n/a	yes	Managed database backup running-state table (#2095, C6). Additive EXPAND: CREATE TABLE "BackupRun" (one new cold standalone table) with two btree indexes on status and startedAt. No enum change, no ADD COLUMN on an existing table, no DROP TABLE/COLUMN/TYPE/CONSTRAINT, no RENAME, no ALTER COLUMN, no foreign key, no backfill DML, no session-clock write, and no provider call. The new table is brand-new/empty and absent from HOT_TABLE_SQL_REGEX. Old-colour compatible: the previously deployed Prisma client has no BackupRun model, so it never reads or writes the table; the nightly backup cron continues to run under the old colour with its in-process guard while the new colour becomes the sole writer (the pg_advisory_xact_lock backup claim path) and reader (the /admin/backups status poll). Forward-only expand (no automated rollback needed): dropping the table on rollback simply discards in-flight/last-run status; the durable backup history is S3 + the CronJobRun "backup" health record, not this table. Run in the normal deploy window; the CREATE TABLE + index locks are on a brand-new empty table, so let the deploy guard stop on lock timeout.
20260722160000_contract_drop_club_theme_orphan_columns	contract	20260722140000_expand_club_theme_orphan_column_defaults	yes	Club-theme substrate contraction (#2187 epic #2181 P4): a single ALTER TABLE "ClubTheme" DROP COLUMN of the four orphan brand columns (brandCharcoal, brandRidge, brandMist, brandSnow). previous_expand_release names 20260722140000_expand_club_theme_orphan_column_defaults (#2187 P1), the EXPAND migration that added a DB DEFAULT to each orphan column so new code can INSERT a ClubTheme row without naming them, while pre-#2187 code kept writing explicit values and rendering unchanged. Old-colour compatible: the P1+ substrate runtime derives these four surfaces at render time (deriveBrandShims) and names none of the columns anywhere — the ClubThemeValues type has no charcoal/ridge/mist/snow field so normaliseThemeValues and the site-style write paths never set them, and no read projects them (grep-proven at HEAD across src/: the four names appear only in this migration series and schema.prisma, re-proven in P4). Prisma would otherwise name every scalar in an unnarrowed find*/create RETURNING, so the drop is legal ONLY once the P1 release is the deployed/draining colour: do not deploy until the P1 substrate release has shipped to production and soaked. Zero resolvable data loss: the stored hexes are inert (derivation is render-time), so a git-revert rollback restores the render from the seeds with no data touched. Lock impact: ClubTheme is a cold, admin-only, single-row config table absent from HOT_TABLE_SQL_REGEX; each DROP COLUMN is a metadata-only catalog change (no table rewrite, no row scan) taking a brief ACCESS EXCLUSIVE lock. No index/constraint/trigger/FK, no backfill DML, no session-clock write, no provider call. Run in the normal deploy window with ALLOW_BREAKING_BLUE_GREEN_MIGRATIONS=1 and a BLUE_GREEN_MIGRATION_OVERRIDE_REASON recording the P1 soak, and let the deploy guard stop on lock timeout.
20260723120000_add_ai_assistant	expand	n/a	yes	AI help assistant metering + spend control + module flag (#2211, epic #2094 C3). Additive EXPAND: cold tables / catalog-only ADD COLUMN DEFAULT; expand-safe. CREATE TABLE "AiAssistantUsageMonthly", "AiAssistantUsageEvent", and the "AiAssistantSettings" singleton (three brand-new cold tables) with plain btree indexes and NO foreign keys (memberId / updatedByMemberId are deliberately plain strings, so nothing here references Member and the FK case of HOT_TABLE_SQL_REGEX is not tripped), plus ALTER TABLE "ClubModuleSettings" ADD COLUMN "aiAssistant" BOOLEAN NOT NULL DEFAULT false. The ADD COLUMN is a PostgreSQL metadata-only add with a constant default (no table rewrite) on the cold ClubModuleSettings catalog singleton, taking a brief ACCESS EXCLUSIVE lock. No enum change, no DROP TABLE/COLUMN/TYPE/CONSTRAINT, no RENAME, no ALTER COLUMN TYPE/SET NOT NULL on existing data, no backfill DML, no session-clock write, and no Xero/Stripe/AI provider call runs in-migration. All three new tables are absent from HOT_TABLE_SQL_REGEX. Old-colour compatible: the previously deployed Prisma client has no AiAssistant* models (never reads/writes the new tables) and reads ClubModuleSettings only through CLUB_MODULE_SETTINGS_COLUMN_SELECT, which does not name the new column, so the added flag is invisible to it and defaults false. The new-colour runtime is the sole reader/writer. Forward-only expand (no automated rollback needed): dropping the tables/column on rollback only discards AI usage metering and the spend cap. Run in the normal deploy window; the CREATE TABLE + index locks are on brand-new empty tables and the single metadata-only ADD COLUMN takes a brief lock on the cold catalog table, so let the deploy guard stop on lock timeout.
20260724100000_add_member_notices	expand	n/a	yes	Member notices module (memberNotices). Additive EXPAND: CREATE TYPE "NoticeStatus" and "NoticeAudienceKind" (two catalog-only enum registrations), CREATE TABLE "Notice", "NoticeAudience", "NoticeReadReceipt" (three brand-new cold tables) with btree indexes, one @@unique([noticeId, memberId]) on NoticeReadReceipt, and foreign keys to Member (SetNull for Notice creator/updater; Cascade for audience-target and receipt relations so a deleted target/member fails closed), MembershipType/Lodge/CommitteeRole (audience targets, Cascade); plus ALTER TABLE "ClubModuleSettings" ADD COLUMN "memberNotices" BOOLEAN NOT NULL DEFAULT true. The ADD COLUMN is a PostgreSQL metadata-only add with a constant default (no table rewrite) on the cold ClubModuleSettings catalog singleton, taking a brief ACCESS EXCLUSIVE lock. No enum ALTER, no DROP TABLE/COLUMN/TYPE/CONSTRAINT, no RENAME, no ALTER COLUMN TYPE/SET NOT NULL on existing data, no backfill DML, no session-clock write, and no provider call. All three new tables are absent from HOT_TABLE_SQL_REGEX; their FKs reference Member/MembershipType/Lodge/CommitteeRole but the referencing (child) tables are brand-new/empty, so only a brief validation lock is taken. Old-colour compatible: the previously deployed Prisma client has no Notice* models (never reads/writes the new tables) and reads ClubModuleSettings only through CLUB_MODULE_SETTINGS_COLUMN_SELECT, which does not name the new column, so the added flag is invisible to it and defaults true. The new-colour runtime is the sole reader/writer. Forward-only expand (no automated rollback needed): dropping the tables/column on rollback only discards notices and their read receipts. Run in the normal deploy window; the CREATE TABLE + index/FK locks are on brand-new empty tables and the single metadata-only ADD COLUMN takes a brief lock on the cold catalog table, so let the deploy guard stop on lock timeout.
20260727120000_add_booking_no_emails	expand	n/a	yes	Per-booking "No emails" suppression switch + withheld-send audit trail (#2258, owner decision D10). Additive EXPAND only. (1) ALTER TYPE "EmailLogStatus" ADD VALUE IF NOT EXISTS 'SKIPPED_NO_EMAILS' — a catalog-only enum registration; the migration only registers the label and never USES it, so Prisma's per-migration transaction is safe (same pattern as 20260525000000 / 20260719130000 / 20260720130000). (2) ALTER TABLE "Booking" ADD COLUMN "noEmails" BOOLEAN NOT NULL DEFAULT false, ADD COLUMN "noEmailsAt" TIMESTAMP(3), ADD COLUMN "noEmailsByMemberId" TEXT — the boolean carries a constant default so it is a PostgreSQL 11+ catalog-only add (no table rewrite, no row scan), and the two audit columns are nullable with no default; each takes a brief ACCESS EXCLUSIVE lock on Booking, which IS in HOT_TABLE_SQL_REGEX, hence this row. (3) CREATE INDEX "Booking_noEmailsByMemberId_idx" plus ALTER TABLE "Booking" ADD CONSTRAINT "Booking_noEmailsByMemberId_fkey" ... REFERENCES "Member"("id") ON DELETE SET NULL — byte-for-byte the shape 20260714000000_add_exclusive_hold_fields used for wholeLodgeHoldByMemberId; every existing row has the column NULL so FK validation matches nothing and the build/validate scan is over a club-scale Booking table. (4) ALTER TABLE "EmailLog" ADD COLUMN "bookingId" TEXT (nullable, no default, metadata-only) and CREATE INDEX "EmailLog_bookingId_createdAt_idx" — EmailLog is deliberately given NO foreign key to Booking so this high-volume log table takes no validating constraint and a withheld-send audit row survives the hard booking delete in booking-delete.ts; EmailLog is absent from HOT_TABLE_SQL_REGEX. No DROP TABLE/COLUMN/TYPE/CONSTRAINT, no RENAME, no ALTER COLUMN TYPE/SET NOT NULL, no backfill DML, no session-clock write, and no Xero/Stripe/SES/provider call runs in-migration. Old-colour compatible: the previously deployed Prisma client has no noEmails/noEmailsAt/noEmailsByMemberId/bookingId fields and never reads or writes them, and it never names the new enum label — the switch defaults false so every booking behaves exactly as before under the old colour. The one direction that needs care is the reverse: during the migrate->cutover drain the NEW colour can write an EmailLog row whose status is SKIPPED_NO_EMAILS, and an OLD-colour Prisma client would reject that unknown enum label if it read the row. Every old-colour EmailLog read is either status-filtered away from it (cron-email-retry status=FAILED, cron-admin-digest/xero-error-alert/xero-hardening-repeated-failure/cron-age-up/cron-checkin-reminders status=SENT|FAILED, email-failure-review + token-email-recovery status=FAILED) or, for the one unfiltered read (waitlist-offer-email-visibility, keyed on templateName=waitlist-offer), is very unlikely to see one: the new colour excludes noEmails bookings from waitlist candidacy, so no waitlist-offer send is attempted for a suppressed booking in the ordinary case. Two narrow paths could still produce such a row inside the drain window -- the offer commits before its email is sent, so a switch flipped in between yields a withheld waitlist-offer row; and the retry cron can rewrite an already-FAILED waitlist-offer row to SKIPPED_NO_EMAILS. Both additionally require an admin to turn the switch on during the drain, and the consequence for an old-colour reader is a Prisma enum deserialisation error on ONE admin waitlist-board read (a 500 on that page for the seconds-to-minutes of drain), not data loss or a wrong send. Accepted; if a deploy wants zero exposure, ship the enum value one release ahead of the code that writes it. The switch is also admin-set and off for every booking at migrate time, so the exposure requires an admin to enable it inside the drain window. Run in the normal deploy window; the Booking ADD COLUMNs are metadata-only and the index/FK builds are on club-scale tables, so let the deploy guard stop on lock timeout. Forward-only expand (no automated rollback needed): dropping the columns on rollback only discards the switch and the bookingId attribution on mail-log rows.
20260731130100_seed_whakapapa_selector_defaults	expand	n/a	yes	Whakapapa selector-defaults seed (skifieldConditions). Data-only EXPAND: one idempotent UPSERT on the cold single-row WhakapapaReportCache table writing the full default selector set into config.selectorOverrides so the database holds the complete selector vocabulary (previously only the code defaults did). The jsonb || merge keeps any existing admin override (right-hand side wins) and preserves an existing sourceUrl, so it never clobbers a site that already customised its config; on a fresh insert the payload is an empty object and fetchedAt is backdated to the epoch so the next public read refetches upstream instead of serving empty data as fresh. No DDL, no schema change, no DROP/RENAME/ALTER COLUMN, no backfill of hot data, no session-clock write, and no provider call. WhakapapaReportCache is absent from HOT_TABLE_SQL_REGEX. Old-colour compatible: the previously deployed client reads config only through coerceWhakapapaSourceConfig, which accepts any subset of known keys and ignores unknown ones, so a fully-populated selectorOverrides is safe. Re-runnable/idempotent: a second run merges the same defaults beneath the already-seeded overrides and is a no-op. Forward-only expand (a later contract step would drop the config column on rollback). Run in the normal deploy window; the single-row UPSERT takes only a brief row lock on the cold cache table.
20260729120000_add_booking_credit_election	expand	n/a	yes	Stored account-credit election on drafts (#2265, epic #2245 E1, owner DECIDED 28 Jul). Additive EXPAND only: a single ALTER TABLE "Booking" ADD COLUMN "creditElectionCents" INTEGER — nullable, NO default, so it is a PostgreSQL catalog-only add (no table rewrite, no row scan) taking one brief ACCESS EXCLUSIVE lock on Booking, which IS in HOT_TABLE_SQL_REGEX, hence this row. No enum change, no index, no constraint, no foreign key, no DROP/RENAME/ALTER COLUMN TYPE/SET NOT NULL, no backfill DML, no session-clock write, and no Xero/Stripe/SES/provider call runs in-migration. Every existing row is left NULL, which is precisely the column's "no election outstanding" state, so no data migration exists to get wrong. Old-colour compatible: the previously deployed Prisma client has no creditElectionCents field and never reads or writes it; it keeps discarding applyCreditCents on the draft branch exactly as before, so a draft saved by the old colour simply stores NULL and behaves identically. The reverse direction is also safe — a draft saved by the NEW colour during the migrate->cutover drain carries a non-NULL election, and an old-colour Prisma client ignores the column entirely (it neither selects nor asserts on it), so the worst case is that the member pays full price and their credit balance is left untouched: a missed application, never a double-spend or a lost balance. Credit is never consumed while the booking is a draft, so nothing in this column represents money already moved — the authoritative applied total stays the MemberCredit ledger — and the new colour re-clamps the election against the live balance and price at confirmation. Forward-only expand (no automated rollback needed): dropping the column on rollback discards only outstanding, not-yet-applied elections, and the member is asked again at the pay step. Run in the normal deploy window; the single metadata-only ADD COLUMN takes a brief lock on Booking, so let the deploy guard stop on lock timeout.
20260729180000_add_payment_manual_mark_paid	expand	n/a	yes	Manual mark-paid for booking payments, cash / off-Xero bank transfer (#2262, epic #2245 B5). Additive EXPAND only. (1) ALTER TABLE "Payment" ADD COLUMN "manuallyMarkedPaidAt" TIMESTAMP(3), ADD COLUMN "manuallyMarkedPaidByMemberId" TEXT, ADD COLUMN "manualPaymentNote" VARCHAR(500), ADD COLUMN "manuallyMarkedPaidPreviousStatus" "BookingStatus" — all four are nullable with NO default and NO backfill, so each is a PostgreSQL catalog-only add (no table rewrite, no row scan) taking only a brief ACCESS EXCLUSIVE lock, which matters because Payment IS in HOT_TABLE_SQL_REGEX, hence this row. The fourth column reuses the EXISTING "BookingStatus" enum type, so no enum is created or altered for it. (2) CREATE INDEX "Payment_manuallyMarkedPaidByMemberId_idx" plus ALTER TABLE "Payment" ADD CONSTRAINT "Payment_manuallyMarkedPaidByMemberId_fkey" ... REFERENCES "Member"("id") ON DELETE SET NULL — byte-for-byte the shape 20260714000000_add_exclusive_hold_fields and 20260727120000_add_booking_no_emails used for their audit actor columns; every existing row has the column NULL so FK validation matches nothing and the index build scans a club-scale Payment table. (3) CREATE TYPE "ManualRefundTaskStatus" AS ENUM ('OPEN','COMPLETED','DISMISSED') — a catalog-only registration of a brand-new type (not an ALTER TYPE ADD VALUE, so the per-migration transaction is unconditionally safe). (4) CREATE TABLE "ManualRefundTask" with four btree indexes and three foreign keys — Restrict to Booking and Payment (an unresolved hand-back task must block a hard delete of the booking/payment it is about) and SetNull to Member for the closing admin. The table is brand new and empty, so every index and FK validation below is over zero rows; the referenced parents (Booking, Payment, Member) take only a brief validation lock each. ManualRefundTask is absent from HOT_TABLE_SQL_REGEX. No DROP TABLE/COLUMN/TYPE/CONSTRAINT, no RENAME, no ALTER COLUMN TYPE/SET NOT NULL on existing data, no backfill DML, no session-clock write, and no Xero/Stripe/SES/provider call runs in-migration. Old-colour compatible in BOTH directions: the previously deployed Prisma client has no manuallyMarkedPaid* / manualPaymentNote fields and no ManualRefundTask model, so it never reads, writes or projects any of them; NULL provenance is exactly what "not manually settled" means, so every pre-existing Payment row is semantically unchanged and every old-colour money path (refund planner, cancellation coercion, Xero mint surfaces, duplicate-capture detector) behaves identically. The reverse direction is safe too: during the migrate->cutover drain the NEW colour can write a manual settlement, but it does so as an ordinary PaymentSource.INTERNET_BANKING payment with status SUCCEEDED — a shape the old colour already understands completely (it is the same shape a Xero-inbound settlement produces). The only capability the old colour lacks is the manual-provenance FENCES, so a mark-paid recorded during the drain could, in principle, have an invoice minted for it by an old-colour missing-invoices sweep or repair pass until cutover completes; the exposure requires an admin to record a cash settlement inside the drain window on a Xero-connected club and is bounded by the drain. No new enum LABEL is written into any pre-existing column, so there is no old-colour enum deserialisation hazard at all. Forward-only expand (no automated rollback needed): dropping the columns and the table on rollback discards only the manual-settlement provenance and any open hand-back tasks. Timestamp coordination: sorts strictly after 20260727120000_add_booking_no_emails (#2258) and strictly after #2265's reserved 20260729120000_add_booking_credit_election (the 120000 prefix was moved to 180000 precisely to avoid colliding with it — the duplicate-prefix ratchet in scripts/check-migration-safety-coverage.sh turns main red on the second merge of a shared prefix); #2263's and #2286's reserved migrations must each pick a strictly later timestamp than this one. Run in the normal deploy window; the Payment ADD COLUMNs are metadata-only, the index/FK builds are on a club-scale table or on a brand-new empty one, so let the deploy guard stop on lock timeout.
20260730140000_add_booking_request_member_attribution	expand	n/a	yes	Member attribution for the authenticated whole-lodge booking-request front-door (#2263, epic #2245). Additive EXPAND only. (1) ALTER TABLE "BookingRequest" ADD COLUMN "requestedByMemberId" TEXT — nullable, no default, so it is a PostgreSQL metadata-only add (no table rewrite, no row scan) taking a brief ACCESS EXCLUSIVE lock on BookingRequest, a low-write admin-queue table that is itself absent from HOT_TABLE_SQL_REGEX. (2) CREATE INDEX "BookingRequest_requestedByMemberId_status_idx" ON "BookingRequest"("requestedByMemberId", "status") — a plain btree build over the same club-scale, low-write table. (3) ALTER TABLE "BookingRequest" ADD CONSTRAINT "BookingRequest_requestedByMemberId_fkey" ... REFERENCES "Member"("id") ON DELETE SET NULL ON UPDATE CASCADE — byte-for-byte the shape 20260714000000_add_exclusive_hold_fields used for wholeLodgeHoldByMemberId and 20260727120000_add_booking_no_emails used for noEmailsByMemberId. This is the line that trips HOT_TABLE_SQL_REGEX (the REFERENCES "Member" case), hence this row. Lock impact of the FK: adding a validating foreign key takes a brief ACCESS EXCLUSIVE lock on the referencing table (BookingRequest, cold) AND a SHARE ROW EXCLUSIVE lock on the referenced hot table "Member" for the duration of constraint validation. That lock is acceptable here because it is brief and validation-only: SHARE ROW EXCLUSIVE blocks concurrent writes to Member (INSERT/UPDATE/DELETE) but NOT reads, it performs no rewrite of Member and no scan of Member rows, and the validation scan on the referencing side matches nothing at all — every existing BookingRequest row has requestedByMemberId NULL, and a NULL FK value is exempt from validation. So the window is the constraint-catalog write plus an empty validation pass over a club-scale queue table, i.e. milliseconds at club scale. No enum change, no DROP TABLE/COLUMN/TYPE/CONSTRAINT, no RENAME, no ALTER COLUMN TYPE/SET NOT NULL, no backfill DML, no session-clock write, and no Xero/Stripe/SES/provider call runs in-migration. Old-colour compatible: the previously deployed Prisma client has no requestedByMemberId field on BookingRequest and no requestedByMember/bookingRequestsRequested relation, so it never reads, writes or projects the column, and the new index/constraint are invisible to it; every existing and old-colour-created request row simply has the column NULL, which is exactly the "not a member-origin request" semantic the new colour reads. The reverse direction is equally safe: a NEW-colour member whole-lodge request written during the migrate->cutover drain is an ordinary GENERAL BookingRequest with exclusivityRequested=true and status VERIFIED — all pre-existing columns and values the old colour already understands — so an old-colour admin-queue read renders it as a normal verified request with no deserialisation error and no wrong behaviour; it simply cannot see the member badge. Forward-only expand (no automated rollback needed): dropping the column/index/constraint on rollback only discards the member attribution, downgrading those rows to ordinary unattributed requests. Run in the normal deploy window; the ADD COLUMN is metadata-only and the index/FK builds are on a cold club-scale table with an empty FK validation set, so let the deploy guard stop on lock timeout.
20260730150000_add_custodian_bed_hold	expand	n/a	yes	Custodian bed hold — a bed held for a season by a hut-leader assignment, with no booking (#2286, epic #2245). Additive EXPAND only, three statements, both tables COLD. (1) ALTER TABLE "HutLeaderAssignment" ADD COLUMN "bedId" TEXT — nullable with NO default, so it is a PostgreSQL catalog-only add (no table rewrite, no row scan) taking a brief ACCESS EXCLUSIVE lock on a table holding at most a few rows per lodge per season. (2) CREATE INDEX "HutLeaderAssignment_bedId_idx" — a plain btree over an all-NULL column on that same cold table. (3) ALTER TABLE "HutLeaderAssignment" ADD CONSTRAINT "HutLeaderAssignment_bedId_fkey" REFERENCES "LodgeBed"("id") ON DELETE RESTRICT — every existing row has bedId NULL, so the validation scan matches nothing, and the referenced LodgeBed table is likewise cold (tens of rows per lodge). Neither "HutLeaderAssignment" nor "LodgeBed" appears in HOT_TABLE_SQL_REGEX in scripts/validate-blue-green-migrations.sh, and none of the three statements matches its breaking-statement regex, so THE BLUE/GREEN GATE IS SILENT FOR THIS MIGRATION BY DESIGN — this voluntary ledger row is the only audit trail, which is why it is written with full reasoning rather than as a formality. No enum change, no DROP TABLE/COLUMN/TYPE/CONSTRAINT, no RENAME, no ALTER COLUMN TYPE/SET NOT NULL on existing data, no backfill DML, no session-clock write, and no Xero/Stripe/SES/AI provider call runs in-migration. The migration deliberately does not restate HutLeaderAssignment."lodgeId"'s dbgenerated default_lodge_id() default. Old-colour compatible: the previously deployed Prisma client has no bedId field on HutLeaderAssignment and no custodianHolds relation on LodgeBed, so it never selects, filters on, or writes the column; every existing and old-colour-created row is NULL, and NULL is exactly the pre-#2286 semantics (an assignment without a bed is a role only, with zero capacity effect — including every row cron-hut-leader-auto-assign.ts creates, which never sets bedId). The one accepted drain-window exposure runs the other way: between migrate and cutover a new-colour admin can create a custodian hold on a bed, and the OLD colour's bed-allocation write paths (manual single-night, bulk, board move, run-auto-allocation) carry no custodian check, so an old-colour admin could allocate a guest onto that held bed for the seconds-to-minutes of the drain. It is admin-only, produces no data corruption (the BedAllocation row is ordinary and removable), never reaches a member-facing surface, and self-surfaces: the new colour's board raises a CUSTODIAN_BED_CONFLICT warning for any allocation row overlapping a hold, so the drain-window collision is visible and fixable on the board immediately after cutover. Accepted rather than choreographed, because the alternative (representing the hold as nullable-FK BedAllocation rows) would break the old colour on a runtime-hot table. Forward-only expand (no automated rollback needed): dropping the column on rollback only discards which bed each custodian holds, leaving the assignments themselves intact and the lodge back to full bookable capacity. Run in the normal deploy window; every lock here is brief and on a cold table, so let the deploy guard stop on lock timeout.
20260731120000_add_member_guests_module_and_settings	expand	n/a	yes	Member-guest module flag + policy singleton ("+ Add Member Guest", #2306, epic #2305). Additive EXPAND: cold catalog-only ADD COLUMN DEFAULT plus one brand-new cold table; expand-safe. ALTER TABLE "ClubModuleSettings" ADD COLUMN "memberGuests" BOOLEAN NOT NULL DEFAULT false — a PostgreSQL metadata-only add with a constant default (no table rewrite, no row scan) on the cold single-row ClubModuleSettings catalog singleton, taking a brief ACCESS EXCLUSIVE lock; ClubModuleSettings is absent from HOT_TABLE_SQL_REGEX. CREATE TABLE "MemberGuestSettings" (the id="default" policy singleton: approvalRequired, pendingHoldExpiryDays, openMemberSearchEnabled, openMemberSearchIncludesMinors, updatedByMemberId, timestamps) plus the plain btree index "MemberGuestSettings_updatedByMemberId_idx" — a brand-new empty table, so the CREATE TABLE + index lock touches nothing, and it carries NO foreign key (updatedByMemberId is deliberately a bare column, the same shape as BookingRequestSettings.updatedByMemberId), so nothing here references Member and the FK case of HOT_TABLE_SQL_REGEX is not tripped. No enum change, no DROP TABLE/COLUMN/TYPE/CONSTRAINT, no RENAME, no ALTER COLUMN TYPE/SET NOT NULL on existing data, no backfill DML, no session-clock write, and no Xero/Stripe/SES/provider call runs in-migration. NO settings row is seeded: the singleton is created lazily on the first WRITE — a read materialises nothing, it synthesises the schema defaults on a miss — so the session-clock DML gate has nothing to catch. Old-colour compatible: the previously deployed Prisma client has no MemberGuestSettings model (never reads/writes the new table) and reads ClubModuleSettings only through CLUB_MODULE_SETTINGS_COLUMN_SELECT, which does not name the new column, so the added flag is invisible to it and defaults false. The new-colour runtime is the sole reader/writer, and in THIS release the flag is inert in the sense that matters here: no booking path reads it, so turning memberGuests on changes no outcome at any of the seven resolveLinkedBookingMembers call sites (the cross-family refusal is gated on MEMBER_GUEST_WIDENING_ENABLED, which is false), and an admin therefore cannot create state the old colour would not understand. The one thing it does change is the admin Modules card, which reports "Not available yet" instead of "Enabled" (D-17) — a new-colour-only surface the old colour never renders. Forward-only expand (no automated rollback needed): dropping the table/column on rollback only discards an inert flag and inert policy values. Run in the normal deploy window; the CREATE TABLE + index locks are on a brand-new empty table and the single metadata-only ADD COLUMN takes a brief lock on the cold catalog table, so let the deploy guard stop on lock timeout.
20260731120100_add_booking_guest_consent	expand	n/a	yes	Member-guest consent columns on BookingGuest ("+ Add Member Guest", #2306, epic #2305, owner decision D-7). Additive EXPAND only, on a HOT table. (1) CREATE TYPE "MemberGuestConsentStatus" AS ENUM ('PENDING','CONFIRMED','DECLINED','EXPIRED') — a brand-new enum type. The partial index in (4) DOES name one of its labels ('PENDING'), so this is NOT a "registers the labels and never uses one" migration, and it does not need to be: what PostgreSQL forbids is using a label added by ALTER TYPE ... ADD VALUE inside the transaction that added it, whereas a type introduced by CREATE TYPE is usable immediately in that same transaction. Prisma's per-migration transaction is therefore safe here. (20260525000000 / 20260719130000 / 20260720130000 / 20260727120000 are the ALTER TYPE case, which is precisely why those migrations never use the label they add.) The narrower claim that carries the blue/green argument does hold unchanged: no DML and no column default names a label, so no ROW ever carries one as a result of this migration. (2) ALTER TABLE "BookingGuest" ADD COLUMN "consentStatus" "MemberGuestConsentStatus", "consentRequestedAt"/"consentRespondedAt"/"consentExpiresAt" TIMESTAMP(3), "consentRespondedByMemberId" TEXT — every one nullable with NO default, so each is a PostgreSQL catalog-only add (no table rewrite, no row scan, no backfill) taking a brief ACCESS EXCLUSIVE lock on BookingGuest, which IS in HOT_TABLE_SQL_REGEX, hence this row. (3) NO foreign key on consentRespondedByMemberId: it is deliberately a bare column, the same choice (and for the same reason) as BookingGuest.rateMembershipTypeId — an FK here would add a validating constraint on this hot table AND take a lock on Member, and the audit value must survive even when the recorded approver is later deleted. So there is no ADD CONSTRAINT, no validation scan, and no Member lock anywhere in this migration. (4) CREATE INDEX "BookingGuest_pendingConsent_expiresAt_idx" ON "BookingGuest" ("consentExpiresAt") WHERE "consentStatus" = 'PENDING' — a plain (non-CONCURRENT) partial btree index for MG2's expiry sweep, built here deliberately while the predicate matches ZERO rows: the columns were added moments earlier and nothing in this release can write a non-null consentStatus, so the index it writes is EMPTY. Two costs, stated as they are rather than optimistically. (i) LOCK DURATION: Prisma runs the whole migration file in ONE transaction, so the ACCESS EXCLUSIVE lock the first ADD COLUMN takes on BookingGuest is held until COMMIT — through the index build — rather than being released and re-taken as a briefer SHARE lock for the CREATE INDEX. The window in which BookingGuest writers block is the whole migration, not each statement in turn. (ii) BUILD COST: an empty result is not a free build. Creating a predicated index still scans the entire heap of BookingGuest to evaluate the predicate row by row, so the cost is proportional to the table, not to the zero matches. Both are acceptable at this table's size (club-scale, a handful of rows per booking) in the normal deploy window, with the deploy guard's lock timeout as the backstop. CREATE INDEX CONCURRENTLY is NOT the escape hatch that sentence used to promise: PostgreSQL forbids it inside a transaction block and Prisma always wraps a migration in one, so it cannot be used from a Prisma migration at all. If BookingGuest ever grows to where a full heap scan under ACCESS EXCLUSIVE is unacceptable, the index must be built OUT OF BAND (a manual CONCURRENTLY build, still recorded in prisma/partial-unique-indexes.tsv), not by editing the migration. Prisma cannot express a predicated index, so it is invisible to schema.prisma and to db:check-drift and is recorded instead in prisma/partial-unique-indexes.tsv, whose set-equality is enforced by scripts/check-partial-indexes.sh in the migration-drift CI job. Building it now is what lets MG2 (#2307) ship its sweep with no migration of its own. No DROP TABLE/COLUMN/TYPE/CONSTRAINT, no RENAME, no ALTER COLUMN TYPE/SET NOT NULL, no backfill DML, no session-clock write, and no Xero/Stripe/SES/provider call runs in-migration. Old-colour compatible in BOTH directions, and the reverse direction is the important one. Forward: the previously deployed Prisma client has no consent* fields, never selects or writes them, and never names the new enum, so every existing BookingGuest read and write behaves exactly as before with all five columns NULL. Reverse: the risk that dominated the 20260727120000_add_booking_no_emails row -- the NEW colour writing an enum label an OLD-colour Prisma client would reject on read -- was ABSENT while MG1 was the deployed colour and is PRESENT from MG2 (#2307) onward, and this row is deliberately updated rather than left reading as though the dark guarantee still held. MG1 (#2306) shipped the widening behind a hard-coded false, so no code path could write a non-null consentStatus for any actor. MG2 turns the memberGuests module into the real gate, so a club that switches it on WILL carry PENDING / CONFIRMED / DECLINED / EXPIRED rows. What that means operationally: this MIGRATION is still reverse-safe by itself (the columns and the type stay; nothing is dropped), but ROLLING THE APPLICATION back past MG2 while such rows exist would hand a Prisma client that has no MemberGuestConsentStatus enum a column carrying one of its labels. The mitigation is the module flag, not the schema: an operator rolling back must turn the memberGuests module OFF first, which stops new rows, and must expect existing PENDING rows to hold their beds until an MG2-or-later colour runs the expiry sweep again -- there is no released code in an MG1 colour that can resolve or expire them. That is the whole reason MG1 refused to let the module flag mean anything. Recorded here because the previous wording made a claim about the DEPLOYED CODE, not about the migration, and MG2 falsified it; the call-site census it rested on is unchanged and still worth stating: through any of the seven resolveLinkedBookingMembers call sites (SIX of the seven can pass skipAuthorization: true -- admin-booking-copy hard-codes it, booking-modify-plan passes role === "ADMIN", the guests and modify-quote routes pass isAdmin, and the create and quote routes pass isAuthorizedOnBehalf; only the group-booking join can never skip). The labels are registered a full release before the code that can write one, which is exactly the "ship the enum value one release ahead" mitigation that row recommended. Forward-only expand (no automated rollback needed): dropping the columns, the enum type, and the partial index on rollback discards only inert, all-NULL consent state. Run in the normal deploy window; the ADD COLUMNs are metadata-only and the partial index build writes an empty index (though it still heap-scans BookingGuest, under a lock held for the whole file), so let the deploy guard stop on lock timeout.
20260731140000_repair_zero_benefit_promo_allocations	metadata-only	n/a	yes	Data repair so a promo redemption that delivered NO benefit stops consuming usage caps (#2299, owner decision recorded on the issue; binding). PURE DML, phase metadata-only: no DDL at all -- no CREATE/ALTER/DROP of any table, column, type, index, constraint or foreign key, no RENAME, no SET NOT NULL, no enum change, no session-clock write (neither statement names CURRENT_TIMESTAMP or now(); "updatedAt" is deliberately left untouched because this is a system repair, not an admin edit), and no Xero/Stripe/SES/provider call runs in-migration. Two statements, both on tables ABSENT from HOT_TABLE_SQL_REGEX in scripts/validate-blue-green-migrations.sh, and neither matching its BREAKING_SQL_REGEX or DESTRUCTIVE_REMOVAL_SQL_REGEX (a row DELETE is not a DROP), so THE BLUE/GREEN GATE IS SILENT FOR THIS MIGRATION BY DESIGN -- this voluntary ledger row is the only audit trail, which is why it is written with full reasoning rather than as a formality. (1) DELETE FROM "PromoRedemptionAllocation" WHERE "discountCents" <= 0 AND "priceAdjustmentCents" = 0 AND "freeNightsUsed" <= 0 -- removes the historical all-zero allocation rows the pre-#2299 code force-wrote whenever a promo had eligible guests but computed no benefit. The predicate is the exact negation of the applications benefit test (isBeneficialPromoAllocation / BENEFICIAL_PROMO_ALLOCATION_FILTER in src/lib/promo.ts), so code and migration can never disagree about which rows count. The statement takes ROW locks on the matched rows plus a brief ROW EXCLUSIVE table lock on PromoRedemptionAllocation (which does NOT block concurrent reads or unrelated writes); the table is club-scale (at most one row per beneficiary per promo application) and the matched set is expected to be a handful of rows, or zero on a healthy install. No cascade fans out of it: PromoRedemptionAllocation is a leaf -- nothing references it -- so deleting a row touches Booking, Member, PromoRedemption and PromoCode not at all, and in particular NO PromoRedemption row is removed. That is the point: the redemption row stays as the audit and reporting trail, and only what counts as a *use* changes. (2) UPDATE "PromoCode" SET "currentRedemptions" = <count of that codes surviving allocation rows> WHERE the two differ -- rebases the denormalised total-redemptions counter, which a query filter cannot fix. Written as a correlated recount rather than a decrement so it is IDEMPOTENT (re-running is a no-op) and so it also repairs any counter that had already drifted for an unrelated reason. The WHERE ... <> clause means untouched codes are not written at all. Locks: brief ROW EXCLUSIVE on PromoCode plus row locks on the codes that actually change; PromoCode holds tens of rows at club scale. Old-colour compatible, and the direction of every difference is the safe one. The previously deployed Prisma client reads exactly the same columns and models -- nothing is added or removed for it to trip over -- so the only thing it observes is smaller numbers: fewer allocation rows and a lower (correct) "currentRedemptions". For the old colour that is strictly MORE PERMISSIVE: a member whose only prior application of a code delivered nothing is no longer told "You have already used this promo code", and a code whose total-redemptions cap looked exhausted by benefit-free applications becomes usable again. Both are precisely the intended fix arriving a few minutes early for the draining colour, not a regression -- and it can never over-discount, because the discount maths is untouched; only the eligibility counting changes. The reverse direction during the migrate->cutover drain is bounded and self-healing: an OLD-colour pod can still create a fresh all-zero allocation row and increment "currentRedemptions" by one for it -- either by writing one itself, or via the pre-existing PromoRedemption_sync_allocation_insert/_update triggers from 20260527120000_add_promo_redemption_allocations, which upsert a booker allocation row from a redemption's own scalars on every PromoRedemption write (those triggers are DELIBERATELY LEFT IN PLACE by this migration: they are the mechanism that keeps an old colour's redemptions visible as allocations, and the new colour neutralises them by deleting the redemption's allocation rows immediately AFTER each PromoRedemption create/update and before writing its own beneficial set). The new colour filters such a row out of every cap count immediately (per-member, unique-member, and the member-facing status all query with the benefit filter, so the query-filter half of the fix covers it without waiting for anything), leaving only the denormalised counter one too HIGH for that code -- i.e. drifted in the CONSERVATIVE direction, blocking a use slightly early rather than allowing one too many. It is CORRECTABLE BY RE-RUNNING THE MIGRATION DML, and this is the only residual step the migration leaves behind: OPERATOR ACTION -- after the cutover completes and the old colour has fully drained, re-run both statements once (both are idempotent, statement (2) is a correlated recount rather than a decrement, so a re-run on a clean install is a no-op). Do NOT rely on the drift clearing itself: it only clears if that particular booking is later repriced or removed, because the counter writers measure their delta against the RAW allocation row count and so give back exactly what was taken -- a booking that is never touched again keeps its trigger-written all-zero row, and its code's counter, one too high permanently. Conservative direction throughout: one use blocked early, never one allowed extra. ONE EXCEPTION runs the other way, and only during the drain: the sync triggers never write "priceAdjustmentCents" -- not on INSERT (it takes DEFAULT 0) and not in their ON CONFLICT set-list -- so a PRICE-RAISING fixed-nightly (SET_PRICE) redemption written by an old colour, which has discountCents = 0, freeNightsUsed = 0 and priceAdjustmentCents > 0, produces an ALL-ZERO trigger row. The new colour reads that row as non-beneficial, so a use the new definition counts consumes no cap, and re-running the repair would delete the row rather than fix it. The trigger is deliberately NOT changed here (it is legacy blue/green compatibility, due for removal with the triggers themselves, and altering it during a drain is the riskier act); the exposure is one narrow promo type, only for redemptions written inside the drain window, and it UNDER-counts a cap rather than over-charging anyone -- no member is ever billed for it. Forward-only (no automated rollback needed, and none is meaningful): the deleted rows carried no benefit and no money -- every one of them had zero discount, zero price adjustment and zero free nights -- so nothing recoverable is lost, and the counter can be recomputed from the surviving rows at any time by re-running statement (2). Run in the normal deploy window; both statements are short DML on cold club-scale tables and take no ACCESS EXCLUSIVE lock, so nothing blocks concurrent readers and the deploy guard has nothing to stop on.
20260801120000_add_additional_payment_reminder_stamps	expand	n/a	yes	Additional-payment chase stamps (#2350). Additive EXPAND only, on a HOT table. ONE ALTER TABLE "Payment" with two ADD COLUMNs — "additionalReminderSentAt" and "additionalFinalReminderSentAt", both TIMESTAMP(3), both nullable with NO default — so each is a PostgreSQL catalog-only add (no table rewrite, no row scan, no backfill) and the statement takes a single brief ACCESS EXCLUSIVE lock on "Payment" for the catalog write only. "Payment" IS in HOT_TABLE_SQL_REGEX, hence this row. No enum change, no index, no constraint, no foreign key, no DROP TABLE/COLUMN/TYPE/CONSTRAINT, no RENAME, no ALTER COLUMN TYPE/SET NOT NULL, no backfill DML, no session-clock write, and no Xero/Stripe/SES/provider call runs in-migration. Every existing row is left NULL, which is exactly the "nobody has been chased about this delta yet" state the new reminder cron reads, so no data migration exists to get wrong. The two columns are pure send-bookkeeping: they record WHEN the member was last emailed about an outstanding additional payment and never carry money, so no figure anywhere is derived from them. Old-colour compatible in BOTH directions. Forward: the previously deployed Prisma client has no additionalReminderSentAt / additionalFinalReminderSentAt fields, never selects or writes them, and has no reminder that consults them, so every existing Payment read and write behaves exactly as before. Reverse: a stamp written by the NEW colour during the migrate->cutover drain is a plain timestamp the old colour ignores entirely (it neither selects nor asserts on it); the worst case is that an old-colour process cannot see that a reminder already went out, and since the old colour has no additional-payment reminder of its own to send, nothing can double-send. The stamps are also read RELATIVE to the current additional-payment episode (the latest ADDITIONAL PaymentTransaction createdAt), never as plain booleans, so a stamp left behind by an earlier, already-settled delta cannot suppress the chase for a later one and no writer has to reset them. Forward-only expand (no automated rollback needed): dropping the columns on rollback discards only the record of which reminders were sent, so the chase sequence restarts from the beginning for any still-owing delta — an extra email, never a lost or double-collected payment. Run in the normal deploy window; the two metadata-only ADD COLUMNs take a brief lock on "Payment", so let the deploy guard stop on lock timeout.
20260801150000_strip_email_override_bracket_annotations	metadata-only	n/a	yes	Idempotent data repair (#2269, epic #2245 lane 3 F3): ONE statement strips the square-bracketed authoring notes this project used to ship inside its email default bodies out of every saved EmailTemplateOverride, and writes one actorless EMAIL_TEMPLATE_OVERRIDE_UPDATED AuditLog row per mutated row carrying the whole before/after and the exact spans removed. No DDL. MATCHES 38 EXACT STRINGS, NOT A PATTERN FAMILY: the alternation in the "annotation" CTE is byte-identical to SHIPPED_ANNOTATION_PATTERN in src/lib/email-message-token-contract.ts (asserted by src/lib/__tests__/email-message-annotation-strip.test.ts, which also rebuilds the six pass patterns from this file and runs the corpus through them). An earlier prefix-family draft was reproduced deleting club-authored prose ("Ring the lodge [when you are 30 minutes away]."), which is unrecoverable in-product because the editor refuses to save square brackets, so the rule was narrowed to literal strings; the accepted cost is that a re-spaced or retyped note is NOT healed and keeps surfacing in the #2320 bracket banner for an admin to resolve. Both tables are COLD - EmailTemplateOverride holds at most one row per registered template and is read once per send, AuditLog is append-only - so no lock-impact window is needed and it runs in the ordinary deploy window. Neither table appears in HOT_TABLE_SQL_REGEX in scripts/validate-blue-green-migrations.sh and no statement matches its breaking-statement regex, so THE BLUE/GREEN GATE IS SILENT FOR THIS MIGRATION BY DESIGN and this voluntary row is the only audit trail. NO SESSION-CLOCK WRITE: every timestamp this statement writes is timezone('UTC', statement_timestamp()) - "updatedAt", "expiresAt", and "createdAt", which is NAMED EXPLICITLY in the AuditLog insert. Left unnamed it would take the column default CURRENT_TIMESTAMP, i.e. the SESSION's local wall clock into a naive timestamp(3) column, measured 12 hours out on a Pacific/Auckland session - the #1627/#1656 class, which the session-clock gate does not catch when the clock hides in a column default. Metadata timestamps use to_char(...'YYYY-MM-DD"T"HH24:MI:SS.MS"Z"') so they parse as instants in JavaScript rather than as local time. CONCURRENCY-SAFE WITH THE OLD COLOUR STILL SERVING: the audit INSERT selects FROM the UPDATE's RETURNING, and the UPDATE re-checks "subject"/"bodyText" IS NOT DISTINCT FROM the values the strip was computed from, so a concurrent admin Save is never clobbered and a concurrent Restore Default (DELETE) produces no audit row for a template that no longer exists. Both cases were reproduced against postgres:16 before the fix and verified after. AUDIT METADATA IS DELIBERATELY NOT SANITIZED: SQL has no access to sanitizeAuditMetadata, so the 1000-char truncation, 24 KB envelope cap and secret/card redaction are all skipped. Verbatim storage is required - a truncated copy could not restore a club's wording - but it means a club that typed a LITERAL door code into its body instead of {{doorCode}} now has it in an unredacted row retained 7 years (cf. 20260710000100_redact_audit_log_door_codes). Blast radius is bounded by the save route's 500/10,000-character caps. Called out in docs/UPGRADING.md for operators. The APP's own Restore Default path now archives its deleted copy at the same fidelity (src/app/api/admin/email-templates/reset/route.ts asks buildStructuredAuditLogCreateArgs for archiveText mode, which relaxes the 1000-char clip and the long-HTML placeholder while still applying secret, card-number and sensitive-key redaction), so the two halves of #2269 no longer disagree about how much of the same content they keep. THESE AUDIT ROWS ARE NOW READ BY THE APPLICATION, not only by an operator: the admin email-templates GET filters AuditLog on action + entityType + metadata->>'source' = this migration's id and derives the editor's stripped_annotation reason from previousOverride/removedAnnotations, because the bracket WAS the conditional marker and a conditional line with no {{token}} in it ("Payment has been processed successfully. [only when the booking is already paid]", ten such lines across the historical defaults) has no other signal once the bracket is gone. Deleting or rewriting these rows therefore silences a member-facing correctness warning, not merely a record. EXECUTED, NOT ONLY ASSERTED ABOUT (#2418): src/lib/__tests__/email-message-annotation-strip.test.ts runs this statement against a real PostgreSQL in a disposable per-test schema, wired into the migration-drift CI job as "Test email override annotation strip against PostgreSQL". The text-only pinning it replaces was insufficient by mutation - changing ") AS found ON TRUE" to ") AS found ON TRUE WHERE FALSE" wrote ZERO audit rows while every toContain assertion stayed green. No enum change, no DROP TABLE/COLUMN/TYPE/CONSTRAINT, no RENAME, no ALTER COLUMN TYPE/SET NOT NULL, and no Xero/Stripe/SES/AI provider call runs in-migration. Old-code compatible in both directions: a draining previous colour reading a stripped override sends the same email minus text it should never have sent, and a new colour reading an un-stripped override behaves exactly as it did before. Re-running selects no rows, changes nothing and writes no second audit entry. Forward-only (no automated rollback): the previous wording of every changed row is in its audit metadata.
20260801180000_add_email_retry_booking_authority_context	expand	n/a	yes	Retry-time booking-email authority context (#2362). Additive EXPAND only: ALTER TABLE "EmailLog" adds nullable TEXT "bookingRecipientMemberId" and "bookingRetryHtmlBody" plus nullable BOOLEAN "bookingBodyOverrideApplied" and "bookingDetailLinkIncluded", all with NO default, NO backfill, NO index and NO foreign key. PostgreSQL adds all four columns as metadata-only catalog changes with no table rewrite or row scan; the one statement takes a brief ACCESS EXCLUSIVE lock on EmailLog for the catalog write. EmailLog is high-volume but absent from HOT_TABLE_SQL_REGEX, so the blue/green validator is silent by design; this voluntary row records the lock and compatibility argument. Old-colour compatible forward: the deployed client never selects or writes these columns, so old-colour rows leave all four NULL. New-colour retry treats an old-colour booking row's NULL provenance as unknown legacy context, retires it at MAX attempts, drops the retained body and requires a reviewed manual re-send instead of inferring authority from the recipient address. New-colour sends write the checked member id (or NULL for public/aggregate mail), override/link provenance, and put retryable booking HTML ONLY in bookingRetryHtmlBody while leaving legacy htmlBody NULL; sensitive/non-retryable templates remain NULL in both. This is the reverse/rollback safety mechanism, not a timing assumption: the pre-#2362 worker's executable query requires htmlBody IS NOT NULL, so after a rollback it cannot select or resend a new-version FAILED booking row containing retained authenticated HTML. The current worker selects either storage shape, rechecks booking authority plus current direct/inherited mailbox ownership, and atomically guards on both body columns before sending. The included-link bit also fails closed if application-origin drift means a known retained href cannot be safely located. Existing rows remain EmailLog audit records; no row is deleted or backfilled, and their subject/status/error history remains. No enum change, DROP, RENAME, SET NOT NULL, type conversion, DML, session-clock write, provider call, transaction participant, advisory-lock key or long-running index/constraint validation exists. Forward-only expand: the columns remain safely through application rollback, and rollback intentionally pauses automatic retry of new-version booking rows until the authority-aware worker is restored. Run in the normal deploy window and let the deploy lock timeout stop the brief catalog lock if EmailLog is unexpectedly busy.
20260801160000_add_member_subscription_xero_invoice_index	expand	n/a	yes	Index MemberSubscription.xeroInvoiceId so "who else does this Xero invoice cover?" stops sequentially scanning the table (#2400 review, F8). Additive EXPAND only, ONE statement: CREATE INDEX "MemberSubscription_xeroInvoiceId_idx" ON "MemberSubscription"("xeroInvoiceId"). It is here because CREATE INDEX against "MemberSubscription" trips HOT_TABLE_SQL_REGEX in scripts/validate-blue-green-migrations.sh; nothing in the file matches BREAKING_SQL_REGEX or DESTRUCTIVE_REMOVAL_SQL_REGEX. Why the index: #2400 made both the admin cancellation review queue and every approval ask which members a subscription invoice still covers, which reads MemberSubscription with where xeroInvoiceId IN (...). The column carried no index at all, so each of those reads was a full sequential scan; the queue page asked it once per page load and the approval guard once per approval. The PR also threads a single credit-plan map through the queue's two consumers so the read happens once per page rather than twice, but the scan itself is what this index removes. LOCK IMPACT: a plain (non-CONCURRENT) CREATE INDEX takes a SHARE lock on MemberSubscription for the length of the build. SHARE permits concurrent reads but BLOCKS writes (INSERT/UPDATE/DELETE) on that table until it commits, and because Prisma wraps the whole migration file in one transaction the lock is held to COMMIT rather than released statement by statement. The writers that would wait are the membership subscription billing confirm/reconcile paths, the Xero subscription-invoice create/void sync, manual mark-paid, and the season roll-forward — none of which is on a member-facing hot path, and all of which are idempotent and retried. The build itself is a single btree over one nullable TEXT column on a club-scale table (one row per member per season: low thousands of rows for a club of a few hundred members after a decade), so the window is milliseconds to low seconds. CREATE INDEX CONCURRENTLY is deliberately NOT used and is not available: PostgreSQL forbids it inside a transaction block and Prisma always wraps a migration in one, exactly as recorded for 20260731120100_add_booking_guest_consent. If MemberSubscription ever grew past what a SHARE-locked build can take in a deploy window, the index would have to be built out of band, not by editing this migration. The deploy guard's lock timeout is the backstop. No enum change, no DROP TABLE/COLUMN/TYPE/CONSTRAINT, no RENAME, no ALTER COLUMN TYPE/SET NOT NULL, no ADD CONSTRAINT and so no FK validation and no lock on "Member", no backfill DML, no session-clock write, and no Xero/Stripe/SES/provider call runs in-migration. Old-colour compatible in BOTH directions, trivially so: an index is invisible to the Prisma client. The previously deployed colour issues exactly the same SQL it issued before and gets exactly the same rows back, only faster where the planner picks the new index; no column, type, constraint or default is added, changed or removed, so no row's shape or value differs by one byte and nothing can fail to deserialise. The reverse direction is equally safe: anything the NEW colour writes to MemberSubscription during the migrate->cutover drain is an ordinary row in the pre-existing shape. Rollback is a DROP INDEX that loses nothing but the speed-up. Timestamp coordination: 20260801160000 sorts strictly after every committed migration, the latest being 20260801150000_strip_email_override_bracket_annotations, and reuses no existing prefix (it was renamed from 20260801120000 and again from 20260801150000 as each prefix was claimed by a migration merged to main first) (the duplicate-prefix ratchet in scripts/check-migration-safety-coverage.sh turns main red on a collision). Run in the normal deploy window; the build is a small btree under a brief SHARE lock, so let the deploy guard stop on lock timeout.
20260801170000_add_events_calendar_module	expand	n/a	yes	Events calendar module flag (eventsCalendar, #2241). Additive EXPAND only, ONE statement: ALTER TABLE "ClubModuleSettings" ADD COLUMN "eventsCalendar" BOOLEAN NOT NULL DEFAULT true. A PostgreSQL metadata-only ADD COLUMN with a constant default — no table rewrite, no row scan — on the cold ClubModuleSettings catalog singleton (one row), taking a brief ACCESS EXCLUSIVE lock. ClubModuleSettings is absent from HOT_TABLE_SQL_REGEX. No CREATE/DROP TABLE, no enum CREATE or ALTER, no DROP COLUMN/CONSTRAINT, no RENAME, no ALTER COLUMN TYPE / SET NOT NULL on existing data, no index build, no foreign key, no backfill DML, no session-clock write, and no provider call. Old-colour compatible: the previously deployed Prisma client reads ClubModuleSettings only through CLUB_MODULE_SETTINGS_COLUMN_SELECT, which is derived from MODULE_KEYS and therefore does not name the new column, so the added flag is invisible to it and the calendar keeps behaving exactly as it does today through the migrate -> cutover drain; DEFAULT true means the new-colour runtime also sees no behaviour change until a club switches the module off. Forward-only expand (no automated rollback needed): dropping the column on rollback only discards the club's on/off choice, never calendar data. Run in the normal deploy window and let the deploy guard stop on lock timeout.
20260802100000_public_book_now_default_off	metadata-only	n/a	yes	Switch the public "Book Now" button OFF for every club (#2430, owner decision recorded on PR #2466, 1 Aug 2026). TWO statements, and the second one REWRITES DATA: (1) ALTER TABLE "PublicContentSettings" ALTER COLUMN "showBookNow" SET DEFAULT false, so a fresh install ships with no public booking button; (2) UPDATE "PublicContentSettings" SET "showBookNow" = false WHERE "showBookNow" = true, which turns the button off for every EXISTING club as well. PHASE IS metadata-only RATHER THAN expand because no column, type, index or constraint is added or removed and no column SHAPE changes -- a SET DEFAULT is a catalog-only pg_attrdef update and the UPDATE writes an already-existing boolean column -- so there is no expand/contract pair to sequence. That is the classification the repo's other DDL-free, data-rewriting migrations carry (20260731140000_repair_zero_benefit_promo_allocations, 20260801150000_strip_email_override_bracket_annotations, 20260712100000_reseed_untouched_club_theme_teal); the data rewrite is recorded here in the prose, as it is in theirs, not by the phase word. THE BLUE/GREEN GATE IS SILENT FOR THIS MIGRATION BY DESIGN and this voluntary row is the only audit trail: "PublicContentSettings" is absent from HOT_TABLE_SQL_REGEX in scripts/validate-blue-green-migrations.sh (it is a single-row club settings singleton, read once per public page render), and neither statement matches BREAKING_SQL_REGEX or DESTRUCTIVE_REMOVAL_SQL_REGEX. WHAT THE DATA WRITE COSTS, STATED PLAINLY: it overrides a deliberate saved choice. A club that ticked the box on -- including a live club advertising the button today -- loses it at cutover. The owner decided that knowing it (PR #2466): the public site must not read as walk-in commercial accommodation, and a club that wants the button back ticks "Show the Book Now button" under Admin > Setup & Configuration > Site Appearance & Content > Page Content and presses Save visibility. Nothing else about the club's public content is touched, and the only value overwritten is that one boolean, which an admin restores in one click. THE UPDATE IS SCOPED BY VALUE, NOT BY ID: it is a plain statement over the table rather than a lookup of id = 'default' (the singleton is a convention, and assuming it would silently skip a row on any install that ever grew a second one), and the WHERE "showBookNow" = true guard makes it idempotent -- a re-run matches no row, and a club already hiding the button takes no write at all. NO SESSION-CLOCK WRITE, AND NO TIMESTAMP WRITE OF ANY KIND: "updatedAt" and "updatedByMemberId" are deliberately left alone (same disposition as 20260731140000), because this is a release-level change rather than an admin edit and the row's record of who last saved that panel, and when, must keep naming the admin who really did; no CURRENT_TIMESTAMP and no now() appears anywhere in the file, so the session-clock DML gate has nothing to match. LOCK IMPACT: the ALTER is a catalog-only pg_attrdef update taking a brief ACCESS EXCLUSIVE lock, and the UPDATE rewrites at most one row on a table that holds one; there is no table rewrite, no index build, no row scan of consequence, no constraint validation and no foreign key. No enum change, no index, no constraint, no DROP TABLE/COLUMN/TYPE/CONSTRAINT, no RENAME, no ALTER COLUMN TYPE/SET NOT NULL, and no Xero/Stripe/SES/provider call runs in-migration. OLD-COLOUR COMPATIBLE IN BOTH DIRECTIONS. Forward: the previously deployed Prisma client selects and writes the same boolean column it always did and simply reads false where it read true, rendering the public header without the button -- a state it has always been able to render, since any club could untick the box. Reverse: a row created or saved by the NEW colour is an ordinary row in the pre-existing shape whose showBookNow is a plain boolean the old colour reads unchanged, and an admin who re-ticks the box during the migrate->cutover drain sets true, which both colours honour. EXECUTED, NOT ONLY ASSERTED ABOUT (cf. #2418): src/lib/__tests__/public-book-now-default-off-migration.test.ts runs this file's own SQL against a real PostgreSQL in a disposable per-test schema (env PUBLIC_BOOK_NOW_DEFAULT_OFF_TEST_DATABASE_URL, wired into the migration-drift CI job as "Test the public Book Now default-off migration against PostgreSQL"), proving the saved-true rewrite, the untouched updatedAt/updatedByMemberId, the idempotent re-run, that it reaches every row rather than only id = 'default', and that an INSERT omitting the column now lands false. Timestamp coordination: 20260802100000 sorts strictly after the latest committed migration, 20260801160000_add_member_subscription_xero_invoice_index, and reuses no existing prefix -- it was already re-timestamped once past #2241's 20260801170000, and the two in-flight branches holding 20260801170000 (#2241, #2362) both sort below it (the duplicate-prefix ratchet in scripts/check-migration-safety-coverage.sh turns main red on a collision). Forward-only (no automated rollback): reverting the default is the symmetric SET DEFAULT true, and the one boolean per club comes back when an admin ticks the box -- this migration keeps no copy of the previous value. Run in the normal deploy window.
20260802110000_clear_waldvogel_lodge_address	metadata-only	n/a	yes	Clears the Tokoroa lodge address the historical migration chain stamps onto every install (#2484, owner decision recorded on the issue, 2 Aug 2026). PURE DML, phase metadata-only: ONE statement, UPDATE "Lodge" SET "address" = NULL WHERE "address" = 'Waldvogel Lodge, Iwikau Village, Mt Ruapehu, New Zealand'. No DDL of any kind -- no CREATE/ALTER/DROP of a table, column, type, index or constraint, no RENAME, no SET NOT NULL -- so there is no shape change for an old colour's compiled queries to miss. "Lodge" is a tiny cold config table (a handful of rows, read on page render, never on a hot write path), so the row locks are momentary and no hot-table traffic window is required. NONE of the validator's hot-table or breaking-SQL regexes match, so this row is DOCUMENTATION rather than a gate requirement -- 20260717160100_add_lodge_address, the migration being corrected, carries none for the same reason -- and it is recorded because docs/UPGRADING.md tells an operator to look up every pending migration here and this one changes what their public site shows. VALUE-SCOPED, not row-scoped: it matches only the exact literal that 20260717160100 wrote, so a club that has entered its own address keeps it, and so does every additional lodge a multi-lodge club has created. The accepted exception is a deployment still legitimately holding that literal (Tokoroa's own fork, if it ports this down): it is cleared too, and an admin re-enters the address under Admin > Club Identity > Lodge details in about a minute. old_code_compatible=yes in both directions during the drain, for READS: the contact page renders the Club Details address block only when "address" is non-null (src/app/(website)/contact/page.tsx loads it via loadDefaultLodgeContact; contact-page-client.tsx wraps the pin, the lodge NAME and the address line in one lodge?.address conditional) and the {{lodge-address}} content token resolves to empty, so an old colour still serving simply stops showing that whole block -- lodge name included -- rather than erroring on it. WRITES carry one caveat, and it is a stale-form hazard rather than a colour incompatibility: the lodge details panel (src/components/admin/lodge-details-panel.tsx, save()) PATCHes the WHOLE payload -- name, address, travelNote, doorCode -- from the state it loaded when the page was opened, so an admin on EITHER colour who had that panel open before the migration ran and presses "Save lodge details" afterwards writes the literal straight back, and because this is one-shot DML it never re-runs to clear it again. Nothing breaks and nothing is lost (the value sits visibly in the Address field and one edit removes it), but the operator must VERIFY the public Contact page after cutover rather than assume the clear stuck; docs/UPGRADING.md carries that as part of the post-upgrade action. IDEMPOTENT: after the UPDATE no row matches the literal, so a re-run selects nothing. No AuditLog row is written, deliberately and unlike 20260801150000: the removed value is this project's own string, quoted verbatim in the migration comment, the changelog fragment and docs/UPGRADING.md, not club-authored content that could be lost. No CURRENT_TIMESTAMP/now() in the payload, so the session-clock DML gate passes with no acknowledgement. Timestamp coordination: 20260802110000 sorts strictly after 20260802100000_public_book_now_default_off, the migration immediately preceding it on this branch and itself strictly after the latest committed migration (20260801180000_add_email_retry_booking_authority_context), and it reuses no existing prefix (the duplicate-prefix ratchet in scripts/check-migration-safety-coverage.sh turns main red on a collision). One in-flight branch, #2363, holds 20260801190000, which sorts BELOW this migration; that branch is being re-stamped above this one before it merges, so the applied order matches the committed order. Run in the normal deploy window.
20260802140000_clear_starter_footer_affiliations	metadata-only	n/a	yes	Clears the starter footer affiliations the historical migration chain stamps onto every install (#2490, the follow-up filed by the #2489 review of #2484). PURE DML, phase metadata-only: ONE statement, UPDATE "SiteContent" SET "contentHtml" = '' WHERE "key" = 'FOOTER_AFFILIATIONS' AND "contentHtml" = <the exact 366-character markup 20260702124500_add_site_content backfilled, naming Federated Mountain Clubs (FMC) and the Ruapehu Mountain Clubs Association (RMCA)>. No DDL of any kind -- no CREATE/ALTER/DROP of a table, column, type, index or constraint, no RENAME, no SET NOT NULL -- so there is no shape change for an old colour's compiled queries to miss. "SiteContent" is a three-row cold config table (read on public page render, written only when an admin saves a footer column), so the row locks are momentary and no hot-table traffic window is required. NONE of the validator's hot-table or breaking-SQL regexes match, so this row is DOCUMENTATION rather than a gate requirement -- 20260702124500_add_site_content, the migration being corrected, carries none for the same reason -- and it is recorded because docs/UPGRADING.md tells an operator to look up every pending migration here and this one changes what their public site shows. VALUE-SCOPED, not row-scoped: it matches the exact literal 20260702124500 wrote, byte for byte, in addition to the row key, so a club that has edited its affiliations keeps them exactly as saved -- including a club that only deleted the RMCA line, because the remaining value no longer matches. The accepted exception is a deployment still legitimately holding that literal (Tokoroa's own fork, if it ports this down): it is cleared too, and an admin re-enters the links under Admin > Site Appearance & Content > Site Content > Footer: affiliations. CLEARED, NOT DELETED: the row, its stable id and its key survive, so the admin editor shows the section deliberately empty instead of falling back to a starter default; the starter for this key is itself empty from this release (prisma/starter-site-content.ts, #2490), so a missing row renders nothing either. old_code_compatible=yes in both directions during the drain, for READS: src/components/website-footer.tsx renders the affiliations column only when its HTML is non-empty and derives the grid column count from the same value (columnCount = 1 + quick-links + affiliations), so an old colour still serving drops from three columns to two -- no heading over an empty list, no empty grid cell, nothing that can error -- and the admin editor already supports a stored-but-empty section, so no render guard needed changing. WRITES carry one caveat, a stale-form hazard rather than a colour incompatibility and narrower than 20260802110000's: the Site Content panel (src/components/admin/site-content-panel.tsx) loads all three columns when the page opens and PUTs ONE section at a time from that draft, so an admin on EITHER colour who had the page open before the migration ran and presses "Save Footer: affiliations" afterwards writes the literal straight back, and because this is one-shot DML it never re-runs to clear it again. Nothing breaks and nothing is lost (the markup sits visibly in that editor and one Clear + Save removes it), but the operator must VERIFY the public footer after cutover rather than assume the clear stuck, allowing a minute for the logged-out page cache; docs/UPGRADING.md carries that as part of the post-upgrade action. IDEMPOTENT: after the UPDATE the value is '' so no row matches the literal and a re-run selects nothing. "updatedAt" is deliberately left untouched (matching 20260731140000 and 20260802110000) because this is a system repair, not an admin edit; the only visible effect is that the editor's "Last saved" stamp for that section still reads the original backfill time, which an admin's first real save corrects. No AuditLog row is written, deliberately and unlike an admin save through /api/admin/site-content: the removed value is this project's own string, quoted verbatim in the migration comment, the changelog fragment and docs/UPGRADING.md, not club-authored content that could be lost. No CURRENT_TIMESTAMP/now() in the payload, so the session-clock DML gate passes with no acknowledgement. Timestamp coordination: 20260802140000 sorts strictly after the latest committed migration, 20260802130000_add_booking_policy_exception_foundation (#2363, merged as PR #2497 and then merged into this branch), which in turn sorts after 20260802110000_clear_waldvogel_lodge_address -- so the applied order is 20260802110000, then 20260802130000, then this migration, matching the committed order. It reuses no existing prefix, and as of that merge from main no other branch held a prefix at or above 20260802140000 (the duplicate-prefix ratchet in scripts/check-migration-safety-coverage.sh turns main red on a collision). Run in the normal deploy window.
20260802150000_update_starter_home_guest_copy	metadata-only	n/a	yes	Rewrites the starter "/home" hero so the reference release stops advertising guest booking (#2431, filed by the PR #2428 review of epic #2422 as finding B8). PURE DML, phase metadata-only: ONE statement, UPDATE "PageContent" SET "headerText" = <the new sentence> WHERE "slug" = 'home' AND "headerText" = <the exact sentence 20260613090000_update_starter_home_page_content (#716) wrote: 'Our club lodge welcomes members and guests year-round. Book a stay, join the club, and explore New Zealand''s mountains.'>. No DDL of any kind -- no CREATE/ALTER/DROP of a table, column, type, index or constraint, no RENAME, no SET NOT NULL -- so there is no shape change for an old colour's compiled queries to miss. "PageContent" is a small cold content table (about a dozen rows, read on public page render, written only when an admin saves a page), so the row locks are momentary and no hot-table traffic window is required. NONE of the validator's hot-table or breaking-SQL regexes match, so this row is DOCUMENTATION rather than a gate requirement -- 20260613090000, the migration being corrected, carries none for the same reason -- and it is recorded because docs/UPGRADING.md tells an operator to look up every pending migration here and this one changes what their public FRONT PAGE says, headline and search-engine description alike (src/app/(website)/page.tsx renders headerText under the page title and derives the page's meta description from the same value). REPLACED, NOT CLEARED, unlike its two siblings 20260802110000 (#2484) and 20260802140000 (#2490): those removed another club's real-world facts, whereas "/home" is the row "/" renders and needs SOMETHING in its hero, so an empty value would leave a fresh install's front page looking broken rather than corrected. VALUE-SCOPED, not row-scoped: it matches the exact literal #716 wrote, byte for byte, in addition to the row's slug, so a club that has edited its own hero keeps it exactly as saved -- including a club that only reworded part of the sentence, because what remains no longer matches. There is no accepted exception to record here, unlike #2484 and #2490: no club legitimately owns this sentence, because this project wrote it as a placeholder for all of them. HEADER TEXT ONLY: "caption" and "title" are left to #716 and are not named in the WHERE, deliberately -- naming them would only make the update SKIP installs whose hero is untouched but whose title an admin has changed. old_code_compatible=yes in both directions during the drain, for READS: both colours select headerText, print it under the page title and derive the meta description from it, and the column stays a non-empty string of ordinary text of similar length, so an old colour still serving simply shows the new sentence; no layout, content token or sanitiser behaviour depends on the wording. WRITES carry one caveat, a stale-form hazard rather than a colour incompatibility and the same shape as 20260802110000's and 20260802140000's: the Page Content editor (src/components/admin/page-content-panel.tsx) loads a page's fields when it is opened and PUTs them back on save, so an admin on EITHER colour who had "/home" open before the migration ran and presses Save afterwards writes the old sentence straight back, and because this is one-shot DML it never re-runs to correct it again. Nothing breaks and nothing is lost (the sentence sits visibly in that editor and one edit removes it), but the operator must VERIFY the public front page after cutover rather than assume the rewrite stuck, allowing a minute for the logged-out page cache; docs/UPGRADING.md carries that as part of the post-upgrade action. A CONFIG BUNDLE is the second write path and, unlike the stale-editor hazard, it is unattended: src/lib/config-transfer/categories/site-content.ts exports "PageContent"."headerText" (PAGE_CONTENT_FIELDS) and its applier writes the bundle value back with pageContent.update in BOTH modes -- merge included, since merge only skips fields blank in the bundle and this one is a full sentence -- while src/lib/config-transfer/bootstrap-import.ts runs the ADR-003 boot auto-import AFTER migrations (deploy env + bundle file -> migrations -> base seed -> boot auto-import -> operational site). A bundle exported BEFORE this release still carries the guest-booking sentence, so a disaster-recovery rebuild, a clone, or an interactive Admin > Setup & Configuration restore of one re-plants it permanently, this DML being one-shot. Re-export bundles after upgrading and re-check the front page after ANY bundle import or DR restore; #2484 (20260802110000) and #2490 (20260802140000) share the exposure and issue #2511 tracks it for all three. IDEMPOTENT: after the UPDATE the row holds the new sentence, so nothing matches the old literal and a re-run selects nothing. "updatedAt" is deliberately left untouched (matching 20260731140000, 20260802110000 and 20260802140000) because this is a system repair, not an admin edit; the only visible effect is that the Page Content editor's "Updated:" stamp for "/home" still reads the original backfill time, which an admin's first real save corrects. No AuditLog row is written, deliberately and unlike an admin save through /api/admin/page-content: the value overwritten is this project's own string, quoted verbatim in the migration comment, the changelog fragment and docs/UPGRADING.md, not club-authored content that could be lost. No CURRENT_TIMESTAMP/now() in the payload, so the session-clock DML gate passes with no acknowledgement -- unlike 20260717180000, which is on SESSION_CLOCK_DML_ACKNOWLEDGED for writing the session clock into this very table. Timestamp coordination: 20260802150000 sorts strictly after the latest committed migration, 20260802140000_clear_starter_footer_affiliations (#2490), and reuses no existing prefix (the duplicate-prefix ratchet in scripts/check-migration-safety-coverage.sh turns main red on a collision). In-flight branch #2364 held a colliding 20260802140000 and has been re-stamped to 20260802160000, which sorts above this migration; its subject (member hosting policy) does not touch "PageContent", so the applied order between the two is immaterial either way. No local or remote branch holds a duplicate of 20260802150000. Run in the normal deploy window.
20260802180000_add_season_flat_whole_lodge_rate	expand	n/a	yes	Flat whole-lodge night rate per season (#2338, D1 deferral of #2263). Additive EXPAND only, ONE statement: ALTER TABLE "Season" ADD COLUMN nullable INTEGER "flatWholeLodgeNightCents" (integer cents; NULL = no flat rate set, price per guest as today). Old-code compatible: the column is nullable with no default, so the draining pre-#2338 colour keeps INSERTing Season rows without it (they land NULL) and never reads it. Season is a cold catalog table (a handful of rows per lodge, read on the booking/pricing path but never hot-written), so a single cold ADD COLUMN needs no lock-impact window. Re-stamped from 20260802170000 to 20260802180000 to clear a prefix collision with #2284's family-notification migration (170000); sits above main's head 20260802160000 (#2364, merged).
20260802190000_add_booking_policy_exception_request	expand	n/a	yes	Policy-exception member-request store (#2365), extending the existing BookingChangeRequest admin-review table. Purely additive EXPAND, no rewrite and no backfill. (1) Two new BookingChangeRequestStatus values, CANCELLED and SUPERSEDED, via ALTER TYPE ... ADD VALUE IF NOT EXISTS -- the same idempotent enum-add the 29 prior enum migrations in this tree use. (2) A brand-new BookingChangeRequestKind enum (LOCKED_PERIOD, POLICY_EXCEPTION); because it is a new type, using LOCKED_PERIOD as the new kind column default is safe in the same transaction (the ADD VALUE-in-transaction restriction only forbids USING a newly-added value of an EXISTING type, which this migration never does). (3) Thirteen additive columns on BookingChangeRequest -- kind (NOT NULL DEFAULT LOCKED_PERIOD), proposalSnapshot JSONB, proposalHash VARCHAR(64), frozenEvidence JSONB, aggregateCapacityMode PolicyExceptionCapacityMode, memberMessage VARCHAR(1000), attemptCount INTEGER NOT NULL DEFAULT 1, conflictCount INTEGER NOT NULL DEFAULT 0, lastConflictAt TIMESTAMP(3), lastConflictReason VARCHAR(500), supersededByRequestId TEXT, cancelledAt TIMESTAMP(3), version INTEGER NOT NULL DEFAULT 1. The four NOT NULL columns carry CONSTANT defaults, so PostgreSQL applies each as a catalog-only ADD COLUMN with no heap rewrite and no backfill, and an old colour INSERT that omits them stays valid (it receives the default). Every other column is nullable with no default -- null is exactly this is not a policy-exception row / no conflict recorded yet. (4) One new index BookingChangeRequest_kind_status_createdAt_idx for the policy-exception queue (pending of one kind, oldest first, to show request age). BookingChangeRequest is a low-write admin-review table absent from HOT_TABLE_SQL_REGEX, so both the brief ACCESS EXCLUSIVE lock of the ALTERs and the SHARE lock of the plain (non-CONCURRENT) CREATE INDEX contend with no hot path; the table holds at most a handful of open requests per booking so the btree build is milliseconds. No CREATE/DROP TABLE, no DROP COLUMN/CONSTRAINT/TYPE, no RENAME, no ALTER COLUMN TYPE/SET NOT NULL on existing data, no foreign key (supersededByRequestId is a deliberate soft same-table pointer, not an FK -- these rows are never deleted, the target is always the same booking, and a self-relation would widen the member-merge DMMF surface for no integrity gain), no backfill DML, no session-clock write, and no Xero/Stripe/SES/provider call runs in-migration. OLD-COLOUR COMPATIBLE IN BOTH DIRECTIONS. Forward: the previously deployed Prisma client does not know the new enum values, the new enum type or the thirteen new columns; its BookingChangeRequest INSERTs (locked-period requests) omit them and receive the defaults/NULL, and its SELECTs ignore the extra columns. The one bounded read exposure is the new enum values: a Prisma client throws on an unknown enum value in a result, so a draining old colour that SELECTed a CANCELLED or SUPERSEDED row would error -- but those two values are only ever written onto a POLICY_EXCEPTION-kind row the NEW colour created, the old colours pending-review queue selects status = REQUESTED and so never returns one, and a per-booking member read could encounter one only for a booking the new colour wrote inside the brief migrate->cutover drain. This is the same bounded exposure every additive enum value in this tree carries (cf. 20260524230000 ARCHIVE, 20260511090000 PAYMENT_PENDING) and is why the value is expand/yes rather than windowed. Reverse: a BookingChangeRequest row the old colour writes during the drain carries kind = LOCKED_PERIOD and NULL policy-exception columns, which the new colour reads as exactly a locked-period request. Forward-only expand (no automated rollback needed): a rollback would drop the columns, the index and the new enum type and lose only policy-exception request metadata, returning the table to its pre-#2365 locked-period-only behaviour; PostgreSQL cannot drop an enum VALUE, so the two added status values would simply remain unused. Timestamp coordination: 20260802190000 sorts strictly after the latest committed migration on this branch, 20260802160000_add_adult_member_hosting_policy (#2364), and reuses no existing prefix (the duplicate-prefix ratchet in scripts/check-migration-safety-coverage.sh turns main red on a collision); it leaves 20260802170000 and 20260802180000 free below it for any in-flight lane. Run in the normal deploy window and let the deploy guard stop on lock timeout.
20260802200000_add_ai_diagnostics_capability	expand	n/a	yes	AI Diagnostics capability (AID-2, #2371, epic #2369): the aiDiagnostics module flag plus four deployment-local metering/config tables for a SEPARATE admin-only paid diagnostics product, nothing shared with the page-help AiAssistant* tables. Additive EXPAND in two parts. (1) ALTER TABLE "ClubModuleSettings" ADD COLUMN "aiDiagnostics" BOOLEAN NOT NULL DEFAULT false -- a metadata-only ADD COLUMN with a constant default on the cold ClubModuleSettings catalog singleton (no table rewrite, no row scan, brief ACCESS EXCLUSIVE lock on a one-row table). The previously deployed (old-colour) client reads ClubModuleSettings only through CLUB_MODULE_SETTINGS_COLUMN_SELECT, which does not name the new column, so the flag is invisible to it through the migrate -> cutover drain. (2) Four brand-new COLD tables -- DiagnosticsSettings (budget singleton), DiagnosticsUsageMonthly (settled rollup, unique month), DiagnosticsBudgetReservation (live per-roundtrip reservations, indexed month/expiresAt), DiagnosticsUsageEvent (approved-metadata event log) -- each with plain btree indexes and NO foreign keys, so the CREATE/index statements only lock objects that did not exist a moment earlier. NO row is seeded: the settings singleton is created lazily on first WRITE and every read synthesises the schema default (budget 0 = hard-off) on a miss. Purely additive / expand-safe: no enum change, no DROP, no RENAME, no ALTER COLUMN TYPE / SET NOT NULL on existing data, no backfill DML, no session-clock DML, and no provider call. None of the new tables is a hot table and none is in HOT_TABLE_SQL_REGEX; the deliberate absence of foreign keys (updatedByMemberId / adminMemberId are plain strings, the same shape as AiAssistantUsageEvent.memberId) keeps the FK case of the blue/green gate untripped and means this metering can never block a Member delete or a Member schema change. THE BLUE/GREEN GATE IS SILENT FOR THIS MIGRATION and this row is the audit trail: no statement matches BREAKING_SQL_REGEX or DESTRUCTIVE_REMOVAL_SQL_REGEX. Old-colour forward compatibility: its Prisma client knows neither the new column nor the four new models, its ClubModuleSettings writes omit the column and receive false, and it never reads any of it. New-colour reverse compatibility: nothing the old colour writes during the drain references these objects. DEFAULT false on the flag AND budget default 0 on DiagnosticsSettings are the fail-closed guarantee: every existing club keeps diagnostics off, and even a club that later flips the module on cannot spend until it explicitly configures a dedicated Anthropic key and a positive budget. Timestamp coordination: 20260802200000 sorts strictly after the latest committed migration on this branch base (20260802160000_add_adult_member_hosting_policy) and reuses no existing prefix (the duplicate-prefix ratchet in scripts/check-migration-safety-coverage.sh turns main red on a collision); it was chosen at 200000 to clear the in-flight 170000/180000/190000 siblings noted at planning time. Forward-only expand (no automated rollback needed): dropping the tables and column on rollback discards only the club diagnostics on/off choice and its metering history. Run in the normal deploy window and let the deploy lock timeout stop the brief ClubModuleSettings catalog lock if that settings table is unexpectedly busy.
20260802210000_add_new_booking_policy_exception_request	expand	n/a	yes	Member request surfaces for booking-policy exceptions (#2524), built on the #2365 foundation. Purely additive EXPAND, no rewrite and no backfill. (1) A brand-new NewBookingPolicyExceptionRequest table holding NEW-booking policy-exception proposals, which the #2365 BookingChangeRequest store cannot hold because its bookingId is a required FK and a new booking has no row yet (owner decision: a dedicated table rather than a nullable bookingId). It reuses the existing BookingChangeRequestStatus and PolicyExceptionCapacityMode enums, so this migration contains NO ALTER TYPE and adds no enum value. Its columns are either NOT NULL with a CONSTANT default (status DEFAULT REQUESTED, attemptCount DEFAULT 1, conflictCount DEFAULT 0, version DEFAULT 1, createdAt DEFAULT CURRENT_TIMESTAMP) or nullable with no default, so PostgreSQL builds the empty table in one catalog operation with no heap rewrite; its three btree indexes, its NULL-distinct unique openStateKey index and its three foreign keys all lock only the just-created empty table plus a momentary catalog lock on the referenced rows. This migration MATCHES HOT_TABLE_SQL_REGEX only because the new table declares a foreign key REFERENCES Member (ADD CONSTRAINT ... REFERENCES Member), the same reason 20260802160000 and 20260524220000 do; Member and Lodge are not themselves altered and the child table is empty, so FK validation is instantaneous. (2) One additive nullable column openStateKey TEXT on the existing BookingChangeRequest table plus its NULL-distinct unique index: the DB-enforced one-open-request slot for a POLICY_EXCEPTION modification request (pe:{bookingId}:{requestedByMemberId} while REQUESTED, NULLed by every terminal transition). ADD COLUMN nullable-with-no-default is a catalog-only change; every existing row has openStateKey NULL so the unique index build has nothing to reject and completes in milliseconds. BookingChangeRequest is a low-write admin-review table absent from HOT_TABLE_SQL_REGEX. No CREATE/DROP TYPE, no DROP TABLE/COLUMN/CONSTRAINT, no RENAME, no ALTER COLUMN TYPE or SET NOT NULL on existing data, no backfill DML, no CURRENT_TIMESTAMP or now() inside any INSERT/UPDATE, and no Xero/Stripe/SES/provider call. OLD-COLOUR COMPATIBLE IN BOTH DIRECTIONS. Forward: the previously deployed Prisma client does not know the new table (never reads or writes it) and its BookingChangeRequest INSERTs omit openStateKey, receiving NULL; PostgreSQL treats NULLs as distinct so an old-colour write never trips the unique index. Reverse: a BookingChangeRequest row the old colour writes during the drain carries openStateKey NULL, which the new colour reads as exactly no open-request slot held (correct for a locked-period row). Forward-only expand; a rollback would drop the new table, the new column and their indexes and lose only member-request metadata, returning behaviour to the pre-#2524 hard-stop. Timestamp coordination: 20260802210000 sorts strictly after the latest committed migration on this branch, 20260802190000_add_booking_policy_exception_request (#2365), and reuses no existing prefix (the duplicate-prefix ratchet in scripts/check-migration-safety-coverage.sh turns main red on a collision); it leaves 20260802200000 free below it, and the sibling #2525 execution lane is stamped 20260802220000 above it. Run in the normal deploy window and let the deploy guard stop on lock timeout.
20260802220000_add_policy_exception_reservation	expand	n/a	yes	Provisional policy-exception capacity reservations (#2525). Purely additive EXPAND: one NEW table, PolicyExceptionReservationNight, created empty, plus its primary key, a unique index on (changeRequestId, night), a plain index on (lodgeId, night), and two foreign keys - CASCADE to BookingChangeRequest and RESTRICT to Lodge. Because the table is created empty its NOT NULL columns need no backfill, and the CREATE TABLE / CREATE INDEX statements lock only objects that did not exist a moment earlier; the two FK ALTERs take a brief SHARE ROW EXCLUSIVE validation lock on BookingChangeRequest and Lodge, but the empty child means the scan checks nothing. Old-colour forward compatibility: its Prisma client does not know the new table or the new BookingChangeRequest.reservationNights / Lodge.policyExceptionReservationNights back-relations, it never inserts a reservation row, and its capacity query - which counts only capacityHoldingBookingFilter() bookings and custodian holds - never joins this table, so occupancy is computed exactly as before. New-colour reverse compatibility: a reservation row is written only when the new colour holds a policy-exception request and is deleted in the same transaction that resolves the request, so a draining old colour never observes one. No money, booking, capacity, allocation, provider call, or session-clock DML touches existing rows. Forward-only expand; rollback would drop the new table and lose only in-flight provisional reservations (the owning requests keep their durable status). Run in the normal deploy window and let the deploy guard stop on lock timeout.
20260802230000_add_policy_exception_hold_expiry	expand	n/a	yes	Policy-exception capacity-hold TTL and the reaper's terminal status (#2553, follow-up to #2525). Additive EXPAND in two statements: ALTER TYPE "BookingChangeRequestStatus" ADD VALUE IF NOT EXISTS 'EXPIRED', and ALTER TABLE "BookingChangeRequest" ADD COLUMN nullable TIMESTAMP(3) "holdExpiresAt" with no default and NO backfill. Both are catalog-only: the enum add takes no table lock, and a nullable-no-default ADD COLUMN takes a brief ACCESS EXCLUSIVE lock on a low-write admin-review table (BookingChangeRequest, absent from HOT_TABLE_SQL_REGEX, holding at most a few thousand rows written by member edit requests and officer decisions), so no traffic window is required - run in the normal deploy window and let the deploy guard stop on lock timeout. THE BLUE/GREEN GATE IS SILENT FOR THIS MIGRATION and this row is DOCUMENTATION, not a gate requirement: ADD VALUE sits deliberately outside BREAKING_SQL_REGEX and BookingChangeRequest outside HOT_TABLE_SQL_REGEX, so validate-blue-green-migrations.sh exits 0 and check-migration-safety-coverage.sh demands no row. It is recorded because the one real exposure of an additive enum value in this tree - a Prisma client throws on an unknown enum value in a result, as its sibling 20260802190000 records - applies here AND, unlike that sibling, is NOT confined to rows the new colour created. HONEST EXPOSURE, in three parts. (1) EXPIRED is written by the policy-exception-hold-reaper cron onto a REQUESTED POLICY_EXCEPTION row of ANY colour: the reaper's NULL-holdExpiresAt fallback (src/lib/cron-policy-exception-hold-reaper.ts) exists precisely so a bed-holding request written BEFORE this migration, or by a draining old colour, is still aged out - from createdAt, under the same 7-day / first-held-night / 24-hour-floor rule. (2) The window is PRE-cutover, not post: scripts/run-production-blue-green-deploy.sh recreates and health-checks the cron leader on the NEW image at step 15/19, before the step 16 Caddy cutover and the step 17 removal of the old container after BLUE_GREEN_DRAIN_SECONDS (default 30), while the OLD web colour still serves 100% of traffic; the general cycle is scheduled "0 */3 * * *" (src/instrumentation.node.ts), so a deploy whose steps 15-17 straddle minute 0 of an hour divisible by 3 can fire the reaper inside that window. (3) The exposed reads are UNFILTERED, not the REQUESTED-only pending queue: GET /api/bookings/[id]/change-requests and the member booking page both select every change request for a booking with no status or kind filter, and the officer queue's ALL filter reads every status - so an old-colour read of a row carrying EXPIRED errors, i.e. a 500 on the member's own booking page until the old colour is gone. WHAT BOUNDS IT: every STAMPED deadline is at least POLICY_EXCEPTION_HOLD_MIN_TTL_HOURS (24h) after creation, so no request either colour creates during a deploy can come due inside a minutes-long window; only a row that has been holding beds since before this migration can. SHIP #2525 (20260802220000, which creates PolicyExceptionReservationNight) AND #2553 IN THE SAME RELEASE and the exposure is provably nil, because no bed-holding request can predate the column. If they must ship in separate releases, deploy #2553 away from a 3-hourly boundary (any hour not divisible by 3, or well past minute 0) or accept the bounded minutes-long risk. ROLLBACK: DEPLOYMENT.md prefers routing Caddy back to the previous healthy colour, but EXPIRED rows written before that rollback are PERMANENT - PostgreSQL cannot drop an enum value and an expiry is not reversible (the beds are already back in the pool) - so a restored old colour keeps erroring on those rows' bookings until it is replaced. Forward-fix by redeploying the new colour rather than rolling back once any expiry has run. Not declared windowed because the SQL itself is genuinely old-code compatible (nullable column, additive value, no rewrite); the exposure is a runtime WRITE by the new colour's cron, avoided by release sequencing or timing rather than by a maintenance window, and declaring windowed would force the ALLOW_BREAKING_BLUE_GREEN_MIGRATIONS override on every deploy of this release. TIMESTAMP COORDINATION: stamped 20260802230000, above main's head and above its own series (20260802190000 / 20260802210000 / 20260802220000); the in-flight #2543 subscription-lockout lane holds 20260803000000, so neither prefix collides.
20260803000000_subscription_lockout_three_way_mode	expand	n/a	yes	EXPAND half of the #2543 three-way subscription booking lockout. Two statements: CREATE TYPE "SubscriptionLockoutMode" (a brand-new type no old query names) and ALTER TABLE "MembershipLockoutSettings" ADD COLUMN "mode" -- NULLABLE, no default, no backfill. Purely additive: the old colour never selects or inserts "mode", and its omitted-column INSERTs still succeed because the column accepts NULL. It carries no backfill and no destructive change of its own; "mode" is simply left NULL. READ THE NEXT ROW BEFORE PLANNING THIS DEPLOY. The CONTRACT half, 20260803010000_contract_subscription_lockout_drop_enabled, ships IN THIS SAME RELEASE per the owner directive on #2561: it backfills "mode" from the legacy boolean (true -> HARD_BLOCK, false -> NO_BLOCK), makes it NOT NULL DEFAULT HARD_BLOCK, and DROPS "enabled". That row is declared old_code_compatible=windowed, so the release as a whole requires a MAINTENANCE WINDOW - user traffic removed, old app and background workers stopped, ALLOW_BREAKING_BLUE_GREEN_MIGRATIONS=1 with an override reason naming the window, a fresh verified backup taken immediately before migrating - and rollback.sql beside that migration is the recovery path. There is NO dual-write and NO read-time fallback in this release: nothing writes "enabled" and normalizeMembershipLockoutSettings has no legacy branch. An earlier draft of this row described a two-release expand/contract plan with a legacyEnabledForLockoutMode dual-write and no traffic window; the #2561 directive superseded that before the release shipped, and this row was corrected rather than left standing because no operator has ever deployed under it - the "leave rows as declared" rule in docs/BLUE_GREEN_MIGRATION_POLICY.md is scoped to the historical grandfathered yes rows, not to a row in the release being prepared. "MembershipLockoutSettings" is a single-row cold config table read on booking gates and admin page render, never written on a hot path, so the ACCESS EXCLUSIVE lock the ADD COLUMN takes is momentary. These two statements need no traffic window of their own; the release does, because of the contract row below. NONE of the validators hot-table or breaking-SQL regexes match, so this row is DOCUMENTATION rather than a gate requirement; it is recorded because docs/UPGRADING.md tells an operator to look up every pending migration here and this one introduces a money-affecting club setting.
20260803010000_contract_subscription_lockout_drop_enabled	contract	20260803000000_subscription_lockout_three_way_mode	windowed	CONTRACT half of the #2543 three-way subscription booking lockout, shipping in the SAME release as its expand half per the owner directive on #2561 (3 Aug 2026). Three statements: a backfill UPDATE setting "mode" from the legacy boolean WHERE "mode" IS NULL (true -> HARD_BLOCK, false -> NO_BLOCK), then ALTER COLUMN "mode" SET DEFAULT 'HARD_BLOCK' + SET NOT NULL, then ALTER TABLE "MembershipLockoutSettings" DROP COLUMN "enabled". NOT OLD-CODE COMPATIBLE, AND DELIBERATELY DECLARED SO. previous_expand_release names 20260803000000_subscription_lockout_three_way_mode, but that release has NOT drained - it ships in this same release - so there is no deployed colour that has stopped reading "enabled". The previous release's Prisma client names "enabled" on every unnarrowed find/create of this single-row model, so the moment the DROP commits the old colour raises on loadMembershipLockoutSettings and on the admin subscription-lockout panel; because loadMembershipLockoutSettings sits behind resolveSubscriptionLockoutMode, that means every booking write path on the old colour fails, not just the admin screen. This is exactly what the windowed value exists to say, and it is why the owner chose a maintenance window over retaining dual-read/dual-write for a later contract release. MAINTENANCE-WINDOW PLAN (full sequence in docs/PRODUCTION_UPGRADE_RUNBOOK.md -> "Windowed migration deploy sequence", summarised in DEPLOYMENT.md): build and validate the new images FIRST; take and verify a FRESH backup immediately before migrating, not merely before the deploy; put the site into maintenance mode so user traffic is removed; stop the old app AND the background workers (the cron/worker containers read the same settings row, so leaving them running is the same outage with no operator watching it); only then migrate; then start the new release. Between migrate and cutover the old colour is DOWN by design rather than erroring under traffic, which is the point of stopping it first. Keep the gap to the few minutes the three metadata-only statements need. ROLLBACK. The boundary moves back to the migrate step, so rollback.sql ships beside migration.sql: it recreates "enabled" from "mode" (NO_BLOCK -> false, HARD_BLOCK and NON_MEMBER_PRICING -> true, the owner's mapping - old code cannot reprice, so refusing an unpaid member is the honest fallback and full member rates are not) and returns "mode" to nullable-without-default. It deliberately does NOT drop "mode" or the SubscriptionLockoutMode type: after the drop they are the only record of each club's policy, and the previous release's Prisma client names neither, so they survive as inert extras and that release runs against them - expect prisma migrate diff to report two leftover objects against its schema, which is the intended end state and not drift. Deploy and rollback were both rehearsed against a production-shaped database (full migration history + demo seed + rows covering both legacy boolean values and all three modes); the transcript summary is in the runbook. DATA SAFETY. The backfill runs BEFORE the drop - order is load-bearing, since dropping first would lose the off-switch of every club that never opened the panel and silently hard-block them - and is scoped WHERE "mode" IS NULL so a club already on NON_MEMBER_PRICING is not reset by its (deliberately true) legacy boolean. The values written are exactly what the pre-drop read path computed at runtime, so no club's booking behaviour moves across the migration. Pinned against real rows by prisma/migration-verification/20260803010000_contract_subscription_lockout_drop_enabled.ts, including mutants for the inverted CASE, the dropped WHERE and an unconditional HARD_BLOCK. LOCK IMPACT. "MembershipLockoutSettings" is a cold, admin-only, SINGLE-ROW config table absent from HOT_TABLE_SQL_REGEX. The UPDATE touches at most one row; SET DEFAULT / SET NOT NULL are metadata-only catalog changes whose NOT NULL validation scan reads one tuple; DROP COLUMN is metadata-only with no table rewrite. Each takes a brief ACCESS EXCLUSIVE lock. No index, constraint, trigger, FK, session-clock DML or provider call. Requires ALLOW_BREAKING_BLUE_GREEN_MIGRATIONS=1 with a BLUE_GREEN_MIGRATION_OVERRIDE_REASON naming the maintenance window; let the deploy guard stop on lock timeout.
20260803020000_add_adult_member_hosting_enforced_and_host_scopes	expand	n/a	yes	Configurable adult-member-hosting policy (#2569): a third CONSEQUENCE and a second, independent HOST-QUALIFICATION dimension. PURELY ADDITIVE EXPAND in four statements. (1) ALTER TYPE "AdultMemberHostingMode" ADD VALUE IF NOT EXISTS 'ENFORCED' - catalog-only, no table lock, and NOTHING SELECTS IT: no migration writes ENFORCED, so every existing club and lodge keeps the consequence it already had (#2569 s15, "do not automatically enable the enforced mode"). (2) Two NULLABLE, NO-DEFAULT BOOLEAN columns on "AdultMemberHostingPolicy" - hostScopeSameBooking, hostScopeSameBookingOwner - holding which adult members count. TWO, not the three the spec named: the owner's 3 Aug 2026 decisions REMOVED the lodge-wide scope (#2575) and REPLACED the nominated-host scope with same-owner coverage (#2576), both before either shipped, and this migration is unmerged and unapplied so it carries the settled shape rather than adding and then dropping columns. Catalog-only ADD COLUMNs, no heap rewrite, NO BACKFILL: every existing row keeps NULL, which resolveAdultMemberHostingPolicy reads as "this row did not decide" and resolves to the built-in default, same-booking only. That is byte-identical to the pre-#2569 rule, so no club's behaviour moves at migration time and no existing policy is silently broadened to same-owner coverage. (3) A CHECK constraint holding the two columns to all-NULL or all-set, so a half-configured scope set cannot exist for the resolver to guess at. Every existing row has both NULL, so it validates against current contents without a single violation. (4) CREATE OR REPLACE FUNCTION "version_adult_member_hosting_policy" so the revision trigger's materiality test includes the two new columns; the trigger DEFINITION is untouched. Without this a scope-set-only edit would look like a no-op write, the trigger would reset NEW.version to OLD.version, the API's compare-and-swap token would not advance, and two admins editing the scope set concurrently would each believe they had won. LOCK IMPACT. "AdultMemberHostingPolicy" holds one club-wide row plus at most one row per lodge - single-digit rows, read on booking gates and admin page render, never written on a hot path - and is absent from HOT_TABLE_SQL_REGEX, so the brief ACCESS EXCLUSIVE lock the ADD COLUMNs and the ADD CONSTRAINT take is momentary. No index, no foreign key, no session-clock DML, no provider call, no money, no capacity or allocation write. Run in the normal deploy window and let the deploy guard stop on lock timeout. OLD-COLOUR FORWARD COMPATIBILITY. The previous release's Prisma client does not name the two columns, so its INSERTs omit them (they accept NULL) and its UPDATEs leave them alone - which also means the replaced trigger classifies its writes exactly as before, because NEW and OLD agree on every column it added to the comparison. It cannot write ENFORCED, and it cannot READ one either, because only the new colour's admin route can store that value and no migration does. NEW-COLOUR REVERSE COMPATIBILITY / ROLLBACK. If a club saves ENFORCED and the deploy is then rolled back, the old colour's Prisma client raises on the unknown enum value when it reads that policy row - and loadAdultMemberHostingPolicy sits on every booking write path, so that is a booking outage, not an admin-screen error. PostgreSQL cannot drop an enum value, so this is not reversible by migration. THE EXPOSURE IS BOUNDED BY THE FACT THAT ENFORCED IS OPT-IN AND NEW: no club can be on it before this release, and only a deliberate admin save during the release puts one there. Mitigation, in order of preference: prefer forward-fix (redeploy the new colour) over rolling back once any club has saved ENFORCED; if a rollback is unavoidable, first set that policy row's mode back to ADMIN_REVIEW_REQUIRED or DISABLED (the value is a club setting, not derived data, so this is a supported operator action), then roll back. The same shape as 20260802230000's additive-enum note and grandfathered the same way: ADD VALUE sits deliberately outside BREAKING_SQL_REGEX and this table outside HOT_TABLE_SQL_REGEX, so validate-blue-green-migrations.sh exits 0 and check-migration-safety-coverage.sh demands no row - THIS ROW IS DOCUMENTATION, recorded because docs/UPGRADING.md tells an operator to look up every pending migration here and because this one introduces a setting that can stop bookings. TIMESTAMP COORDINATION: stamped 20260803020000 while this lane was cut, unique between the #2543 pair (20260803000000 / 20260803010000) and current main's #2520 20260803030000 contract migration. The production release containing those windowed migrations has not deployed, so Prisma will apply this pending expand in timestamp order before 030300. No prefix collides.
20260803030000_contract_drop_family_group_member_role	contract	20260803010000_contract_subscription_lockout_drop_enabled	windowed	CONTRACT half of the #2520 FamilyGroupMember.role retirement: ONE statement, ALTER TABLE "FamilyGroupMember" DROP COLUMN "role". No DML at all - it reads and rewrites no rows - and this release removes the (already @ignore'd) field from prisma/schema.prisma in the same commit, because the migration-drift gate compares the two and they must land together. NOT OLD-CODE COMPATIBLE, AND DELIBERATELY DECLARED SO. previous_expand_release names 20260803010000_contract_subscription_lockout_drop_enabled, which is an ADJACENT migration in this same release rather than the expand release proper: the runtime half this contracts against is PR #2565 (merge commit 9a59c3ffa), which shipped NO migration of its own, so there is NO FOLDER FROM IT TO NAME and NO TRUTHFUL VALUE EXISTS for this field, which is single-valued and checked only for non-emptiness. The migration named instead is the sibling WINDOWED row, which an operator planning this window has to read anyway, and the real precondition is written out in this plan column. Recording the real precondition here when the single field cannot carry it is the practice the #2130 contract row (20260721130000) established, its two dropped column groups having had two different expand releases - but that row's field names a REAL, ALREADY DEPLOYED expand release (20260717140000_pricing_rekey_by_membership_type) and is declared old_code_compatible=yes on the strength of it, so it is NOT a precedent for naming an unrelated migration from the same undeployed release. This is the first row where no expand-release folder exists at all, which is exactly why the honest declaration here is windowed. OWNER DIRECTIVE, 3 Aug 2026 (#2520) superseded the earlier two-release plan (deploy #2565, soak seven days, then drop, declaring old_code_compatible=yes): the drop ships NOW as part of the Tokoroa cutover, behind an accepted maintenance window. So #2565 has NOT been deployed as a separate release and there is no drained colour that has stopped naming the column - which is exactly why this row says windowed and not yes. An earlier draft of the retirement plan, recorded in prisma/schema.prisma and docs/DOMAIN_INVARIANTS.md, described the two-release version with a soak precondition; the directive superseded it before any release shipped, and those documents were corrected rather than left standing, exactly as the #2561 correction on 20260803000000 was. WHAT BREAKS ON THE OLD COLOUR, measured against the last tagged release (v0.13.2), not assumed. Its prisma/schema.prisma declares role String @default("MEMBER") with NO @ignore, so (1) listOneStepPartnerCandidates and the one-step path of requestPartnerLink put role: "ADMIN" in the WHERE clause and name the column directly - and the member profile page renders the first of those, so this is not a corner of the app; (2) every unnarrowed find/create/update/upsert/delete on the join table names every scalar in its SELECT or implicit RETURNING; (3) a static @default("MEMBER") is materialised CLIENT-side as a bind parameter, so the column appears in the column list of EVERY insert that client emits, including one that sets no role and narrows itself to select: { id: true }; (4) an include: on the join table (the admin family-group routes) and an explicit role: true (GET /api/member/onboarding) name it too. The moment the DROP commits, the old colour raises Postgres 42703 / Prisma P2022 across the whole family surface: member profile, admin family groups, member onboarding, family join/invite/removal, member merge, Xero member import and nomination. There is no ordering that keeps both colours working. MAINTENANCE-WINDOW PLAN (full ordered sequence in docs/PRODUCTION_UPGRADE_RUNBOOK.md -> Windowed migration deploy sequence -> the #2520 subsection, summarised in DEPLOYMENT.md -> Windowed migrations). In the owner's order: (1) build, publish and verify the complete replacement image BEFORE taking the live site down; (2) confirm that image carries both the no-role runtime code and this migration; (3) announce/enable maintenance mode and remove public traffic; (4) stop all Tokoroa web processes; (5) stop EVERY background worker, scheduler, cron runner and queue consumer that can reach the shared database - leaving them up is the same outage with nobody watching it; (6) verify no old application process or application-capable database connection remains (pg_stat_activity); (7) take and verify a FRESH backup immediately before migrating, not merely before the deploy - for a windowed migration this is the last unconditional way back; (8) record the four pre-migration checks: FamilyGroupMember row count, distinct role values with counts (expect any of the four labels above), column-exists confirmation, and confirmation that the replacement runtime cannot reference the column - that last one runs INSIDE the replacement app image via docker compose run, because the deploy host carries only Docker and Docker Compose and a bare node -e fails there - plus the REQUIRED per-row dump of (id, role), which is the only thing that makes an EXACT value restore possible afterwards and which must be taken to a HOST path and moved somewhere durable, since a copy meta-command run through docker compose exec postgres psql writes inside that container's writable layer (measured: not the postgres_data volume, not any backup path, gone on the next container recreate); (9) run scripts/validate-blue-green-migrations.sh BY HAND against every pending migration.sql with ALLOW_BREAKING_BLUE_GREEN_MIGRATIONS=1 and a BLUE_GREEN_MIGRATION_OVERRIDE_REASON naming this window - the validator is a SEPARATE SCRIPT that prisma migrate deploy knows nothing about, and the only thing that runs it automatically is scripts/run-production-blue-green-deploy.sh, which performs the ordinary cutover this window replaces - and then migrate via the compose service the deploy script itself uses, docker compose --profile migrate run --rm migrate (NOT npx, which the deploy host is not documented as having and which the runner image deliberately deletes); (10) verify the column is gone and _prisma_migrations records the migration once; (11) start the replacement web app and replacement workers ONLY; (12) smoke-test sign-in, viewing an existing family group, creating/updating family-group membership where safely testable, family requests and approvals, member merge and the other affected admin paths, ordinary member and admin pages, and worker/scheduled-job startup; (13) check app, worker, Prisma and PostgreSQL logs for missing-column, unknown-field or family-lifecycle errors; (14) restore public traffic only after those checks pass. Keep the interval between stopping the old processes and starting the replacement as short as practical. The migration itself is one metadata-only statement and takes no meaningful time, but DO NOT READ THAT AS A SHORT OUTAGE: the traffic-off period runs from step 3 to step 14 and contains the shutdown and connection check, the snapshot and its verification, the checks and the dump, then the replacement start, a seven-item smoke test and a log sweep. The backup sits INSIDE the window by the owner's order, so the expensive part of the runbook 1.1 restore drill is done BEFORE the window on the latest durable artifact and only integrity/completion verification happens in-window. Time the whole thing on the staging rehearsal and announce that figure. If this release also carries 20260803010000_contract_subscription_lockout_drop_enabled, the two share ONE window - prisma migrate deploy applies both in the same command and the sequence above covers both - and ROLLING SUCH A WINDOW BACK TAKES BOTH rollback.sql SCRIPTS, IN REVERSE ORDER OF APPLICATION: this one first, then 20260803010000's. This one alone is not enough and the gap is worse than the one it fixes: the family surface comes back but MembershipLockoutSettings.enabled is still dropped, and per that row the previous client names it on every read of the model behind resolveSubscriptionLockoutMode, so every booking write path still fails while the family pages look healthy. Rehearsed in that order; the two touch different tables so neither order can corrupt the other. 20260803000000_subscription_lockout_three_way_mode needs no reverse script - it is additive and the previous client never names mode. ROLLBACK. The boundary moves back to the migrate step, so rollback.sql ships beside migration.sql: it recreates the column as TEXT NOT NULL DEFAULT 'MEMBER', byte-identical to the one 20260407120000_add_family_group_member_join_table created and exactly the shape the previous release's client expects, and the constant default repopulates every existing row in that one statement with no table rewrite. THE PER-ROW VALUES CANNOT BE RESTORED by script - PostgreSQL cannot un-drop a column - so every row comes back as 'MEMBER'. For every PRODUCTION row 'MEMBER' is a SUBSTITUTE, not the value the row held, and this row does not claim otherwise: an earlier draft argued it was already the actual value of every row inserted after #2565 stopped the client naming the column, but #2565 was never deployed on its own and the window stops the old app BEFORE migrating, so that set of rows is provably EMPTY in production and the ground was WITHDRAWN. What makes 'MEMBER' the safe substitute is narrower and sufficient: FOUR labels ever existed - 'MEMBER' (the column default, and what the 20260407120000 / 20260407200000 backfills wrote), 'ADMIN', 'LEAD' (only from the 20260408020000 dependents backfill), and 'USER' (written by TWO live paths in v0.13.2: createFamilyGroupFromSuggestion in src/lib/family-suggestions.ts to every non-lead member of a group created from a family suggestion, and the familyGroupMember.upsert create arm in src/app/api/admin/members/[id]/dependents/link/route.ts) - and only 'ADMIN' was ever READ by anything, so repopulating with 'MEMBER' can only withhold a power and never grant one, whatever the row held. It is also the column's own declared default, which is what makes it the right pick among the three inert labels. Reconstructing 'ADMIN' by heuristic (who created the group, or FamilyGroup.billingMembershipId) was considered and REJECTED as a guess about who holds a privilege. BECAUSE IT IS A SUBSTITUTE, THE PER-ROW DUMP AT STEP 8 IS REQUIRED, NOT RECOMMENDED. WHAT 'MEMBER' COSTS, stated rather than buried: on a rolled-back release predating #2284 - which v0.13.2 does - nobody holds ADMIN, so the one-step partner declaration finds no candidates and returns its 403 for a no-login target. Everything else about family groups is unaffected because nothing else reads the value. That is a FAIL-CLOSED loss of one convenience path (the ordinary consent round-trip still works), not data loss and not privilege escalation. For the exact old labels, use the pre-migration dump with the restore step commented in rollback.sql step 3, or the verified backup. After rollback, _prisma_migrations still records this migration as applied AND NOTHING IN THE DEPLOY PATH NOTICES - measured, not assumed: prisma migrate status answers "Database schema is up to date!", prisma migrate deploy answers "No pending migrations to apply.", and the deploy script's own drift gate (migrate diff --from-migrations prisma/migrations --to-schema prisma/schema.prisma) reports "No difference detected" because it compares committed history to the schema file and never reads the live database. The one command that sees the restored column is prisma migrate diff --exit-code --from-config-datasource --to-schema prisma/schema.prisma, which exits 2. Roll forward by RE-APPLYING migration.sql BY HAND (the history row is already correct, so nothing needs clearing up); deleting the _prisma_migrations row and migrating again also works and was rehearsed, but it edits the migration history for no gain. Rolling forward is NOT a precondition for starting the replacement release: the replacement client reads and writes this table normally against the restored shape, because the column is NOT NULL with a constant default and an insert that omits it takes that default. rollback.sql is not idempotent - a second run fails with "column role of relation FamilyGroupMember already exists", the safe direction. Deploy, rollback, BOTH ROLL-FORWARD PATHS and the COMBINED two-migration rollback in reverse order were all rehearsed on a throwaway PostgreSQL 16.14 container with the full migration history, including a Prisma client generated from v0.13.2's own schema proving the old client fails on the migrated shape and works again after rollback.sql; the transcript summary is in the runbook (7.2). DATA SAFETY. No backfill, no UPDATE, no DELETE, no INSERT, no ALTER COLUMN TYPE, no CURRENT_TIMESTAMP/now() in any payload, so no data-migration verification fixture is owed (scripts/check-data-migration-verification.sh classifies this as shape-only). The values destroyed are UNREAD rather than meaningless, and the distinction is load-bearing for the rollback: nothing in THIS tree has read them since #2284, but v0.13.2 - the release actually in production - PREDATES #2284 and still filters on role: "ADMIN" (member-partner-link.ts 306 and 480, verified against the tag, which has no detailsConfirmedByMemberId reference at all), so on the live system the labels are authorising right now and a real number of rows carry a client-written 'ADMIN'. No production row was ever written by a client that omitted the column, because #2565 was never deployed on its own. The values are destroyed IRRECOVERABLY, which is why step 8 records the distinct values and their counts and REQUIRES the per-row dump. LOCK IMPACT. "FamilyGroupMember" is on the deploy guard's HOT_TABLE_SQL_REGEX, so this row is a gate requirement and not merely documentation. In practice the table is small (one row per family membership - tens to low hundreds for a club this size) and cold: it is written only when a family group is created or edited, never on a booking or payment path. DROP COLUMN is metadata-only - PostgreSQL marks the attribute dropped in pg_attribute and performs NO table rewrite - so it takes one brief ACCESS EXCLUSIVE lock and returns. The column carries no index and no constraint of its own, and no trigger, foreign key, sequence, session-clock DML or provider call is involved. With the application stopped for the window there is nothing to contend with, so the lock cannot queue behind a live transaction; let the deploy guard stop on lock timeout regardless. TIMESTAMP COORDINATION: stamped 20260803030000, above main's head and above both #2543 migrations (20260803000000 / 20260803010000). The in-flight #2569 host-qualification lane holds 20260803020000 and 20260803070000. It briefly also held 20260803030000, for its hosting-coverage incidents table, and THAT LANE MOVED (its commit 6b751dba5, to 070000) rather than this one, on the reasoning that the additive newcomer should move rather than a windowed contract migration whose rehearsal, ledger row and operator sequence are all recorded against this prefix. Nothing in this row or in the window sequence depends on any #2569 migration: the combined window in this release is #2543 + #2520 only. So no prefix collides and the duplicate-prefix ratchet in scripts/check-migration-safety-coverage.sh stays green. Requires ALLOW_BREAKING_BLUE_GREEN_MIGRATIONS=1 with a BLUE_GREEN_MIGRATION_OVERRIDE_REASON naming the maintenance window.
20260803040000_add_policy_exception_internal_notes	expand	n/a	yes	Officer-note split for booking-policy exception requests (#2562). Two statements, both purely additive EXPAND: ALTER TABLE "BookingChangeRequest" ADD COLUMN "internalNotes" VARCHAR(2000) and the same column on "NewBookingPolicyExceptionRequest". Both are nullable with no default and carry NO backfill, so PostgreSQL adds each by catalog update with no heap rewrite and the NOT NULL validation scan does not exist. Both tables are low-write admin-review tables holding at most a few thousand rows written by member edit requests and officer decisions, and neither appears in HOT_TABLE_SQL_REGEX, so each brief ACCESS EXCLUSIVE lock is momentary and no traffic window is required: run in the normal deploy window and let the deploy guard stop on lock timeout. WHY THE COLUMN EXISTS: the pre-existing adminNotes column on both tables is MEMBER-VISIBLE (it is rendered to the member on their own request list and interpolated into the booking-policy-exception-approved email), which left an officer with nowhere to record commentary they do not want the member to read. internalNotes is that place, and it is read by admin-guarded surfaces only; the member DTO in src/lib/member-exception-requests.ts is a strict allowlist with no slot for it and docs/DOMAIN_INVARIANTS.md records the privacy rule. THE BLUE/GREEN GATE IS SILENT FOR THIS MIGRATION and this row is DOCUMENTATION rather than a gate requirement: no statement matches BREAKING_SQL_REGEX, DESTRUCTIVE_REMOVAL_SQL_REGEX or HOT_TABLE_SQL_REGEX (neither table is a hot table and neither ALTER names a foreign key), so validate-blue-green-migrations.sh exits 0 and check-migration-safety-coverage.sh demands no row. It is recorded because docs/UPGRADING.md tells an operator to look up every pending migration here, and because a column whose whole purpose is that one audience must never see it deserves a written trail. OLD-COLOUR COMPATIBLE IN BOTH DIRECTIONS. Forward: the previously deployed Prisma client does not name internalNotes on either model, so it neither selects nor writes it, and its INSERTs receive NULL. Reverse: a row the old colour writes during the drain carries internalNotes NULL, which the new colour reads as exactly the officer left no private note - the correct reading, because the old colour had no field to write one in, and a decision it records lands in adminNotes alone, which is what that column has always meant. No enum change, no DROP, no RENAME, no ALTER COLUMN TYPE or SET NOT NULL on existing data, no backfill DML, no session-clock DML inside an INSERT or UPDATE, no index, constraint, trigger or foreign key, and no Xero/Stripe/SES/provider call. Forward-only expand (no automated rollback needed): dropping the two columns on rollback discards only officer-private commentary written since the deploy and returns the workflow to a single member-visible note. TIMESTAMP COORDINATION: 20260803040000 sorts strictly after current main's 20260803030000_contract_drop_family_group_member_role migration. It is distinct from #2569's earlier 20260803020000 policy migration and that lane's renumbered 20260803070000 coverage-incidents migration. It reuses no existing prefix, which the duplicate-prefix ratchet in scripts/check-migration-safety-coverage.sh enforces by turning main red on a collision.
20260803060000_add_analytics_settings	expand	n/a	yes	Club-wide Google Analytics configuration singleton (#2573). Purely additive EXPAND: one statement creating a brand-new EMPTY table "AnalyticsSettings" (id/measurementId/consentBannerEnabled/bannerMessage/consentRevision/updatedByMemberId/createdAt/updatedAt) plus one plain btree index on updatedByMemberId. Because the table is created empty its NOT NULL columns need no backfill, and the CREATE TABLE / CREATE INDEX statements lock only objects that did not exist a moment earlier. There is NO foreign key -- updatedByMemberId is a plain string, the same audit-only shape AiAssistantSettings.updatedByMemberId and DiagnosticsSettings.updatedByMemberId use -- so no ALTER touches Member and this table can never block a Member delete or a Member schema change. NO row is seeded: the singleton is created lazily on the first admin Save and every read synthesises the code defaults on a miss. No CREATE/DROP TYPE, no DROP TABLE/COLUMN/CONSTRAINT, no RENAME, no ALTER COLUMN TYPE or SET NOT NULL on existing data, no backfill DML, no CURRENT_TIMESTAMP or now() inside any INSERT/UPDATE, and no Xero/Stripe/SES/provider call. THE BLUE/GREEN GATE IS SILENT FOR THIS MIGRATION and this row is DOCUMENTATION rather than a gate requirement: no statement matches BREAKING_SQL_REGEX or DESTRUCTIVE_REMOVAL_SQL_REGEX and the new table is absent from HOT_TABLE_SQL_REGEX. It is recorded because docs/UPGRADING.md tells an operator to look up every pending migration here AND because this release carries a deliberate BEHAVIOUR CUTOVER that an operator must know about even though the SQL itself is inert: #2573 removes runtime use of NEXT_PUBLIC_GA_MEASUREMENT_ID entirely, with no environment fallback and no automatic import of the environment value into this table, so from the moment the new colour serves traffic Google Analytics is INACTIVE on every club until an authorised admin enters and saves a valid GA4 measurement ID under Admin -> Integrations -> Google Analytics. That is the owner-accepted hard cutover (owner decision on #2573, section 8), not a regression. OLD-COLOUR COMPATIBLE IN BOTH DIRECTIONS. Forward: the previously deployed Prisma client does not know this model, never reads or writes it, and keeps reading its own NEXT_PUBLIC_GA_MEASUREMENT_ID environment value, so a draining old colour behaves exactly as it did before the migration. Reverse: a row the new colour writes during the drain is invisible to the old colour, and the only visitor-facing consequence is that the two colours may briefly disagree about whether analytics runs -- the old colour from the environment value, the new colour from this table -- which is bounded by the drain and can only ever leave analytics OFF on the new colour rather than on without consent. Fail-closed is the guarantee on both new columns: consentBannerEnabled DEFAULT true means a club that saves a measurement ID without touching consent mode gets the prior-consent banner, and consentRevision DEFAULT 1 means a fresh install prompts every visitor once. Forward-only expand (no automated rollback needed): dropping the table on rollback discards only the club GA configuration and its consent revision, and the rolled-back colour reads the environment variable again. TIMESTAMP COORDINATION: 20260803060000 sorts strictly after the latest committed migration on this branch base (20260803010000_contract_subscription_lockout_drop_enabled) and reuses no existing prefix (the duplicate-prefix ratchet in scripts/check-migration-safety-coverage.sh turns main red on a collision); 20260803020000-050000 are left free for the in-flight sibling lanes noted at planning time. Run in the normal deploy window and let the deploy guard stop on lock timeout.
20260803070000_add_hosting_coverage_incidents	expand	n/a	yes	Same-owner hosting coverage: the durable officer-facing incident and the bounded re-evaluation outbox (#2576). PURELY ADDITIVE EXPAND in eleven statements: two brand-new enum TYPES (HostingCoverageIncidentCause, HostingCoverageIncidentResolution), two brand-new tables (HostingCoverageIncident, HostingCoverageReevaluation), five indexes on those new tables, and three foreign keys from them to existing rows. Nothing is dropped, renamed, rewritten or backfilled, and both tables are created EMPTY. OLD-COLOUR SAFETY IS TOTAL, which is the difference from its sibling 20260803020000: a draining old colour knows neither type, neither table nor either Prisma model, so it cannot read or write them, and nothing it does reads them indirectly - the capacity, occupancy, booking-list, email and admin-booking queries never join these tables. An incident row is written only by the new colour's hosting reconciler and read only by the new colour's officer queue and stuck-state dashboard. There is likewise NO reverse-rollback exposure of the kind an added enum VALUE creates (the exposure 20260803020000 documents for 'ENFORCED'): these are whole new TYPES, so a rolled-back colour never looks at them and the rows survive as inert extras. Expect prisma migrate diff to report two leftover tables and two leftover types against the previous release's schema after a rollback: that is the intended end state, not drift. LOCK IMPACT. CREATE TYPE and CREATE TABLE lock only the objects created here. The five indexes are built on the two new EMPTY tables, so each build reads nothing. The three foreign keys take a brief SHARE ROW EXCLUSIVE lock on "Booking" and "Member" to validate, and because both new tables are empty the validation scan checks zero rows - so the lock is held for microseconds rather than for a scan. THAT DISTINCTION IS THE WHOLE LOCK STORY: "Booking" IS a hot table matched by HOT_TABLE_SQL_REGEX, but no ALTER in this migration touches "Booking" itself, only the new child table that references it. No index is built on an existing table, no column is added to one, no session-clock DML runs, and no money, capacity, allocation or provider work happens. Run in the normal deploy window and let the deploy guard stop on lock timeout. PARTIAL INDEX. HostingCoverageIncident_active_booking_unique is a predicated UNIQUE index (WHERE "resolvedAt" IS NULL) enforcing at most one ACTIVE incident per booking, which is what makes #2576 s16's 'one durable active incident per materially identical uncovered state' an invariant against a concurrent second opener rather than a hope. Prisma cannot express a predicated index so db:check-drift cannot see it; it is registered in prisma/partial-unique-indexes.tsv and scripts/check-partial-indexes.sh enforces set equality in CI's migration-drift job. DATA SAFETY: nothing to verify, because nothing is written - check-data-migration-verification.sh demands no fixture for a migration with no DML, and there is none. THIS ROW IS DOCUMENTATION rather than a gate requirement (no HOT_TABLE_SQL_REGEX or BREAKING_SQL_REGEX match, so validate-blue-green-migrations.sh exits 0 and check-migration-safety-coverage.sh demands no row); it is recorded because docs/UPGRADING.md tells an operator to look up every pending migration here, and because these tables carry the officer's only record of a confirmed booking the club's own rule would refuse. TIMESTAMP COORDINATION: stamped 20260803070000 above current main's #2520 20260803030000 contract migration and above this branch's 20260803020000 sibling. RESTAMPED from 20260803030000 because that prefix collided with #2520; the additive newcomer moved and #2520 is now merged. The open #2562 and #2573 lanes hold 20260803040000 and 20260803060000 respectively. 20260803050000 remains free, and nothing in this branch depends on adjacency. No prefix collides.
20260806000000_add_hosting_notification_delivery_claim	expand	n/a	yes	Hosting-coverage owner-notification delivery lease (#2569/#2576). Purely additive EXPAND: two nullable, no-default columns are added to HostingCoverageIncident, a new low-volume compliance table introduced by 20260803070000. PostgreSQL performs each ADD COLUMN as a catalog-only change with no heap rewrite or backfill; the brief ACCESS EXCLUSIVE lock is confined to this incident table and no Booking, Member, payment, capacity or provider row is touched. The old colour does not know the columns and continues to read/write the existing shape; omitted inserts receive NULL. The new colour interprets NULL as no delivery in flight, leases before transport, stamps the existing notified fields only after success, and releases failed leases for retry. Reverse rollback leaves inert nullable columns the old client never names. No index, constraint, enum, DML, session-clock expression or external call occurs. Timestamp coordination: 20260806000000 is above both this branch and refreshed origin/main migration prefixes and does not collide. Run in the normal deploy window and let the deploy guard stop on lock timeout.
20260806020000_add_bed_allocation_priority_order	expand	n/a	yes	Per-lodge ordered bed-allocation preferences (#2593). Purely additive EXPAND: one ALTER TABLE adds the non-null TEXT[] column allocationPriorityOrder to the cold BedAllocationSettings table with the constant canonical default BOOKING_COHESION, STAY_CONTINUITY, REQUESTED_ROOM, FAMILY_COHESION. PostgreSQL can install a constant default without a heap rewrite; the table contains at most one compatibility row plus one row per lodge, so the brief ACCESS EXCLUSIVE metadata lock has negligible queue and no hot booking table is touched. OLD-COLOUR COMPATIBLE IN BOTH DIRECTIONS. Forward: the old Prisma client never selects or writes the new column, and old-colour INSERTs receive the canonical database default. Reverse: new-colour rows keep all existing columns in their old shapes; an old colour ignores the priority array and continues its historical hard-coded order until the drain ends. No enum/type/index/constraint/foreign key, DROP, RENAME, ALTER TYPE, SET NOT NULL on existing nullable data, provider call, session-clock DML, or data-dependent backfill occurs. Existing rows receive the constant default, which is byte-for-byte the former planner order, so deployment does not replan or mutate any BedAllocation row. Corrupt arrays can arise only after direct database editing and the new code fails them closed; the migration itself writes only the valid canonical array. Forward-only expand: rollback may drop this column only after every new colour is drained, losing saved preference ordering but no allocation rows. LOCK IMPACT: one brief metadata lock on the cold settings table; normal deploy window, with the deploy guard allowed to stop on lock timeout. TIMESTAMP COORDINATION: owner coordination reserves 20260806010000 for blocker #2596, which directly follows merged PR #2591 migration 20260806000000; this independent migration was moved to 20260806020000 after a 2026-08-07 NZ scan found that prefix free in origin/main, every registered worktree, and all open PRs. #2593 must not publish until #2596 has merged, then must refresh main and recheck duplicate prefixes and ordering before push.
20260807000000_add_deletion_approval_in_progress	expand	n/a	yes	Durable self-service deletion approval ownership (#2597). One catalog-only ALTER TYPE adds APPROVAL_IN_PROGRESS to DeletionRequestStatus and writes no row. The new runtime moves PENDING to this value before the first separately committed future-booking cancellation, permits approval cleanup to resume from it, lets rejection claim only PENDING, and moves to final APPROVED only inside the anonymisation transaction. Thus an approval cancellation can never be followed by a final REJECTED decision. PostgreSQL takes no table lock or row lock for ADD VALUE; there is no backfill, index, constraint, DML, session-clock expression, or provider call. OLD-COLOUR WRITER SAFETY: an old rejection still guards status=PENDING, so it cannot overwrite a new-colour intermediate claim. The bounded drain exposure is read compatibility: an old Prisma client does not know the new enum label and may fail an admin-only deletion-queue read after the new colour starts an approval during the drain. No public booking, payment, member self-service, worker, or provider path reads this queue; retry on the new colour after cutover. Prefer forward-fix over rollback after any row enters APPROVAL_IN_PROGRESS because PostgreSQL cannot remove an enum label. A rolled-back old colour can first finish or manually return such rows to PENDING only after verifying no approval-triggered cancellation remains incomplete. TIMESTAMP COORDINATION: 20260807000000 was rechecked as unique across origin/main and registered issue worktrees on 7 Aug 2026 NZ. Run in the normal deploy window and let the deploy guard stop on lock timeout.
20260810030000_add_other_lodge	expand	n/a	yes	Registry of external / partner lodges for the reciprocal "other club member" rate (#2749). PURELY ADDITIVE EXPAND in two statements: one brand-new EMPTY table "OtherLodge" (id/name/location/bookingOfficerName/bookingOfficerEmail/bookingOfficerPhone/bedCapacity/createdAt/updatedAt) and one UNIQUE btree index on "name". Nothing is dropped, renamed, rewritten or backfilled; there are NO foreign keys (the table stands alone and references no existing row), so no ALTER touches Member, Booking or any hot table and this migration can never block a delete or schema change on them. bedCapacity is INFORMATIONAL only and is never this systems booking capacity, which is derived from Lodge rooms/beds. Because the table is created empty its NOT NULL columns need no backfill and the CREATE TABLE / CREATE INDEX statements lock only objects that did not exist a moment earlier. No CREATE/DROP TYPE, no DROP TABLE/COLUMN/CONSTRAINT, no RENAME, no ALTER COLUMN TYPE or SET NOT NULL on existing data, no backfill DML, no CURRENT_TIMESTAMP/now() inside any INSERT/UPDATE, and no Xero/Stripe/SES/provider call. THE BLUE/GREEN GATE IS SILENT FOR THIS MIGRATION and this row is DOCUMENTATION rather than a gate requirement: no statement matches BREAKING_SQL_REGEX or DESTRUCTIVE_REMOVAL_SQL_REGEX and the new table is absent from HOT_TABLE_SQL_REGEX. It is recorded because docs/UPGRADING.md tells an operator to look up every pending migration here. OLD-COLOUR COMPATIBLE IN BOTH DIRECTIONS: a draining old colour knows neither the table nor the Prisma model, so it never reads or writes it; a row the new colour writes during the drain is invisible to the old colour and survives a rollback as an inert extra (dropping the table on rollback discards only the admin-entered partner-lodge list). No data-migration fixture is required (no DML). TIMESTAMP COORDINATION: 20260810030000 sorts strictly after the latest committed migration (20260810010000_backfill_booking_request_guest_nights) and reuses no existing prefix. Run in the normal deploy window and let the deploy guard stop on lock timeout.
20260810040000_seed_other_lodges	expand	n/a	yes	Seeds the OtherLodge registry with the club recognised external / partner lodges (#2749). PURELY ADDITIVE DATA SEED: a single INSERT ... VALUES (49 rows) into the brand-new "OtherLodge" table with ON CONFLICT ("name") DO NOTHING. Not a data rewrite: ON CONFLICT is DO NOTHING (never DO UPDATE) and there is no SELECT, so check-data-migration-verification.sh classifies it as non-rewriting and demands no fixture; it can only ADD rows and can never alter or delete anything a club has already typed. IDEMPOTENT: on a database that already holds these rows (the club existing deployment where they were entered via the admin UI) it inserts nothing (verified INSERT 0 0) and never overwrites a later admin edit; on a fresh database it inserts all 49 (verified INSERT 0 49 against a throwaway DB). ids and timestamps are literals copied from the source DB, so the statement is fully deterministic - no now()/CURRENT_TIMESTAMP inside the INSERT. LOCK IMPACT: the INSERT touches only the new OtherLodge table (created by the immediately preceding 20260810030000_add_other_lodge migration) and takes a brief ROW EXCLUSIVE lock on it alone; it references no existing table, has no foreign key, and blocks no hot-table writer. THE BLUE/GREEN GATE IS SILENT FOR THIS MIGRATION and this row is DOCUMENTATION rather than a gate requirement: OtherLodge is absent from HOT_TABLE_SQL_REGEX and the statement matches neither BREAKING_SQL_REGEX nor DESTRUCTIVE_REMOVAL_SQL_REGEX. OLD-COLOUR COMPATIBLE IN BOTH DIRECTIONS: a draining old colour does not know the table and never reads these rows; a rollback that drops the table discards only this seeded reference list. TIMESTAMP COORDINATION: 20260810040000 sorts strictly after its DDL sibling 20260810030000_add_other_lodge and reuses no existing prefix. Run in the normal deploy window and let the deploy guard stop on lock timeout.
20260810050000_booking_request_other_lodge	expand	n/a	yes	Records which Other Lodge a booking requester indicated membership of, for the reciprocal "other club member" treatment at approval time (#2749). PURELY ADDITIVE EXPAND in three statements on "BookingRequest": ADD COLUMN "otherLodgeId" TEXT (nullable, no default), CREATE INDEX on it, and ADD a Restrict FOREIGN KEY to "OtherLodge"(id). NOT a data rewrite: the new column is nullable with no default so ADD COLUMN is a catalog-only change (PostgreSQL 11+ writes no rows), every existing row reads NULL meaning "No" (the form default, blank for backwards compatibility), and there is no backfill DML - check-data-migration-verification.sh demands no fixture. LOCK IMPACT: ADD COLUMN takes a brief ACCESS EXCLUSIVE lock for the catalog change only (no rewrite). The index builds over a column that is NULL in every existing row, and the FK validation scan likewise finds only NULLs, so both hold their lock on "BookingRequest" for a trivial effectively-empty scan rather than a full one; no hot write path is blocked beyond that. THE BLUE/GREEN COVERAGE GATE IS SILENT FOR THIS MIGRATION (validate-blue-green-migrations.sh exits 0 and check-migration-safety-coverage.sh demands no row): the ALTER matches neither BREAKING_SQL_REGEX nor DESTRUCTIVE_REMOVAL_SQL_REGEX and "BookingRequest" is not in HOT_TABLE_SQL_REGEX. This row is DOCUMENTATION, recorded because docs/UPGRADING.md tells operators to look up every pending migration. OLD-COLOUR COMPATIBLE IN BOTH DIRECTIONS: a draining old colour does not know the column and never reads or writes it, so it keeps creating requests exactly as before (otherLodgeId defaults NULL); a rollback drops only this nullable attribution column and the FK. The FK is ON DELETE RESTRICT to match the sibling lodgeId FK, so an OtherLodge a request cites cannot be deleted out from under an approver; the other-lodges admin DELETE route surfaces that as a friendly 409. TIMESTAMP COORDINATION: 20260810050000 sorts strictly after 20260810040000_seed_other_lodges and reuses no existing prefix. Run in the normal deploy window and let the deploy guard stop on lock timeout.
20260811010000_add_group_discount_apply_to_edits	expand	n/a	yes	Per-discount switch for whether a later EDIT earns the group discount on the nights it newly buys (#2770, INV-MOD-026). Purely additive EXPAND in one statement: ALTER TABLE "GroupDiscountSetting" ADD COLUMN "applyToEdits" BOOLEAN NOT NULL DEFAULT true. "GroupDiscountSetting" is a COLD singleton settings table holding at most one row (id = "default"), and PostgreSQL installs a CONSTANT non-volatile default as catalog metadata with no heap rewrite, so the brief ACCESS EXCLUSIVE metadata lock has a negligible queue and no hot booking table is touched. It is absent from HOT_TABLE_SQL_REGEX. No CREATE/DROP TYPE, no DROP TABLE/COLUMN/CONSTRAINT, no RENAME, no ALTER COLUMN TYPE, no SET NOT NULL on existing nullable data, no index, no constraint, no foreign key, no backfill DML, no CURRENT_TIMESTAMP or now() in any INSERT/UPDATE, and no Xero/Stripe/SES/provider call. THE BLUE/GREEN GATE IS SILENT FOR THIS MIGRATION: no statement matches BREAKING_SQL_REGEX or DESTRUCTIVE_REMOVAL_SQL_REGEX, so validate-blue-green-migrations.sh exits 0 and check-migration-safety-coverage.sh demands no row -- this row is DOCUMENTATION, recorded because docs/UPGRADING.md tells an operator to look up every pending migration here AND because the column changes what a club can be CHARGED for a later edit, which an operator must be able to find. THE DEFAULT IS THE WHOLE MONEY STORY: true, not false. Every edit path already passed the group discount into pricing (INV-MOD-006), so an existing club reads back exactly the behaviour it has today and no price moves at deploy; the club must opt OUT deliberately. OLD-COLOUR COMPATIBLE IN BOTH DIRECTIONS. Forward: the previously deployed Prisma client neither selects nor writes this column, its omitted-column INSERT receives the database default true, and it keeps applying the discount to edits exactly as before -- which is what the new colour does too on the default, so the two colours agree cent for cent during the drain. Reverse: if a club switches the column to false during the drain, the old colour cannot see it and keeps discounting edits, so the bounded disagreement is that an edit saved on the old colour charges the DISCOUNTED (lower) price the club asked to stop giving -- money in the member favour, never against, and bounded by the drain. Rolling back may drop the column only after every new colour is drained, which loses the club opt-out and restores always-on edit discounting. NOTHING ALREADY CHARGED IS REPRICED by either state of this switch: nights a guest already bought keep their stored BookingGuestNight.priceCents (INV-MOD-005), so flipping it cannot re-rate history. DATA SAFETY: no DML, so check-data-migration-verification.sh demands no fixture and none is shipped. TIMESTAMP COORDINATION: 20260811010000 sorts strictly after the latest committed migration on origin/main, which is 20260810020000_backfill_bed_allocation_audit_category since PR #2769 merged (20260810010000_backfill_booking_request_guest_nights is the one before it), and was re-verified unique on 11 Aug 2026 NZ after merging origin/main into this branch, across origin/main, every remote branch, every local branch and every registered worktree, so the duplicate-prefix ratchet in scripts/check-migration-safety-coverage.sh cannot trip. Run in the normal deploy window and let the deploy guard stop on lock timeout.
20260811020000_backfill_booking_requests_page_content	expand	n/a	yes	Backfills the built-in "/booking-requests" PageContent row so an existing deployment gains the database-backed page after this release (static -> dynamic page migration). PURELY ADDITIVE DATA: a single INSERT ... VALUES (1 row) into the existing PageContent table with ON CONFLICT DO NOTHING. NOT a data rewrite: ON CONFLICT is DO NOTHING (never DO UPDATE) and there is no SELECT, so it can only ADD the row and never alters or deletes content an admin has edited; check-data-migration-verification.sh classifies it as non-rewriting and demands no fixture. IDEMPOTENT: on a database that already holds the row (seeded, or created by an earlier run) it inserts nothing; on a fresh one it inserts it. The seeded menuTitle is the EMPTY STRING deliberately (#2818 decision 1): advertising the form is opt-in per club, so this migration adds an editable page without listing it in the public navigation or making it indexable, and every existing site keeps the unlisted behaviour of #2421. updatedAt uses timezone(UTC, statement_timestamp()) rather than CURRENT_TIMESTAMP to satisfy the session-clock DML gate (#1627); the value is cosmetic content-freshness on the cold PageContent table, which carries no createdAt/updatedAt ordering invariant. LOCK IMPACT: the INSERT takes a brief ROW EXCLUSIVE lock on PageContent alone; it references no other table, has no foreign key beyond the existing table shape, and blocks no hot-table writer. THE BLUE/GREEN GATE IS SILENT (PageContent is absent from HOT_TABLE_SQL_REGEX and the statement matches neither BREAKING_SQL_REGEX nor DESTRUCTIVE_REMOVAL_SQL_REGEX); this row is DOCUMENTATION, recorded because docs/UPGRADING.md tells an operator to look up every pending migration here. OLD-COLOUR COMPATIBLE IN BOTH DIRECTIONS: a draining old colour served /booking-requests from its own (public) code route and never reads this row, so the extra row is inert to it; the new colour serves the address from a (website-dynamic) code route that reads the row. Rollback drops only this one seeded content row and returns the old static page. TIMESTAMP COORDINATION: 20260811020000 sorts strictly after 20260811010000_add_group_discount_apply_to_edits, the latest migration on origin/main, and reuses no existing prefix. Run in the normal deploy window.
20260812010000_backfill_school_bookings_page_content	expand	n/a	yes	Backfills the built-in "/school-bookings" PageContent row (static -> dynamic page migration, same as the /booking-requests backfill). PURELY ADDITIVE DATA: a single INSERT ... VALUES (1 row) into the existing PageContent table with ON CONFLICT DO NOTHING. NOT a data rewrite: ON CONFLICT is DO NOTHING (never DO UPDATE) and there is no SELECT, so it can only ADD the row and never alters or deletes content an admin has edited. IDEMPOTENT: on a database that already holds the row it inserts nothing; on a fresh one it inserts it. updatedAt uses timezone(UTC, statement_timestamp()) rather than CURRENT_TIMESTAMP to satisfy the session-clock DML gate (#1627); the value is cosmetic content-freshness on the cold PageContent table, which carries no createdAt/updatedAt ordering invariant. LOCK IMPACT: the INSERT takes a brief ROW EXCLUSIVE lock on PageContent alone; it references no other table, has no foreign key beyond the existing table shape, and blocks no hot-table writer. THE BLUE/GREEN GATE IS SILENT (PageContent is absent from HOT_TABLE_SQL_REGEX and the statement matches neither BREAKING_SQL_REGEX nor DESTRUCTIVE_REMOVAL_SQL_REGEX); this row exists to clear the session-clock coverage requirement and as documentation. OLD-COLOUR COMPATIBLE IN BOTH DIRECTIONS: a draining old colour served /school-bookings from its (public) code route and does not read this row via the catch-all; the new colour serves it from the (website) code route. Rollback drops only this one seeded content row. TIMESTAMP COORDINATION: 20260812010000 sorts strictly after 20260811020000_backfill_booking_requests_page_content and reuses no existing prefix. Run in the normal deploy window.
20260813010000_add_member_email_inheritance_choice	expand	n/a	yes	Direct-parent-only email inheritance with automatic re-resolution (#2716, owner decision on #2708). ADDITIVE EXPAND plus a value-scoped repair of an existing column. Three DDL statements: one nullable, no-default ADD COLUMN "inheritEmailChoiceId" on Member, one CREATE INDEX on it, and one self-referencing FOREIGN KEY with ON DELETE SET NULL. ADD COLUMN with no default is catalog-only and rewrites no heap. Member is a hot table, so the index build and the constraint validation each take a lock on it; the club Member table is in the low thousands of rows, both operations complete in well under a second, and neither touches Booking, Payment, capacity or any provider record. LOCK IMPACT: CREATE INDEX takes SHARE (blocking writes but not reads) and ADD CONSTRAINT ... FOREIGN KEY takes SHARE ROW EXCLUSIVE on Member plus a row-share lock on the referenced table, which is the same table; both are brief at this row count. CONCURRENTLY is deliberately not used because Prisma runs each migration inside a transaction and a concurrent index build cannot be. Run in the normal deploy window and let the deploy guard stop on lock timeout. DML: two UPDATE statements over Member rows that already carry an email-inheritance pointer. Statement 1 records who was chosen behind each existing pointer, re-seating a TRANSITIVE pointer (one naming somebody who is not a direct parent, only reachable under the retired multi-hop walk) onto a direct parent. Statement 2 derives the effective pointer from that choice: it is kept only while the chosen member is an adult, not archived, holds a real rather than club-internal .invalid address, and does not themselves inherit. THERE IS DELIBERATELY NO PARENTAGE TEST in this statement, and the distinction matters to anyone reading the post-deploy list: a hand-picked source naming an unrelated adult, and a family-group login cluster pointed at its holder, are both legitimate and both survive. One hop is enforced where a CHOICE is RECORDED (statement 1's ancestry test, and the application's writers), never on the keep condition here. An operator expecting this migration to drop every pointer whose target is not a parent will read the resulting list as too short and wrongly conclude it under-ran. Rows outside that set are untouched: both WHERE clauses require an existing pointer or an existing choice, so a member the feature has never touched is never written. OLD-CODE COMPATIBLE. The old colour has no knowledge of "inheritEmailChoiceId" and neither selects nor writes it; its Prisma client keeps reading "inheritEmailFromId", whose shape and nullability are unchanged. What it observes is a VALUE change on that column for exactly the transitive pointers this issue exists to correct: notifications for those members move from a grandparent to the direct parent, or stop resolving to anybody, which is the decided behaviour and not a fault of the drain. The one thing a draining old colour can still do is write a fresh transitive pointer; the new colour converges it, because reconciliation is a total, idempotent function of the tree that the daily email-inheritance-reconcile cron re-runs over every member. Repeating the whole migration is not itself idempotent and is not claimed to be — but the reason is the DDL, not the DML: the file opens with ADD COLUMN without IF NOT EXISTS, so a re-run fails 42701 before any data statement is reached. The DML itself is convergent, and an earlier version of this row claimed otherwise (that statement 1 would re-seat a choice statement 2 had cleared, which cannot happen: no statement in this migration ever clears a choice, and statement 1's WHERE excludes rows whose pointer was nulled). That mattered because an operator recovering from a partial apply would have hand-repaired rows the file would have converged. The application-level sweep is the re-runnable half and is what recovery uses. Reverse rollback: dropping the column returns the schema to its previous shape, but the pointer values statement 2 corrected are not restored, and should not be, since restoring them would reinstate a minor notification route the owner has ruled out. DATA VERIFICATION: prisma/migration-verification/20260813010000_add_member_email_inheritance_choice.ts. TIMESTAMP COORDINATION: originally cut as 20260810000000, which by 13 Aug 2026 sorted BELOW six migrations already merged to origin/main (20260810010000 through 20260811010000); a migration inserted beneath applied ones fails Migration drift check, so it was renamed to 20260813010000 on rebase. That prefix was re-verified unique on 13 Aug 2026 NZ across origin/main, every remote branch, every local branch and every registered worktree, and it sorts strictly above the highest prefix found anywhere - including 20260811020000 and 20260812010000 on the open PR #2813 lane, which a remote-only scan would have missed because that branch is local. #2718 rebases its own migration above this prefix.
20260814010000_repair_local_midnight_dates_of_birth	metadata-only	n/a	yes	Repairs the dates of birth the two defective Xero parsers stored a day early (#2859). PURE VALUE REPAIR, NO SCHEMA CHANGE: one UPDATE on "Member"."dateOfBirth" and nothing else. No CREATE/DROP TABLE, COLUMN, TYPE, CONSTRAINT or INDEX, no RENAME, no ALTER COLUMN TYPE, no SET NOT NULL, so it matches neither BREAKING_SQL_REGEX nor DESTRUCTIVE_REMOVAL_SQL_REGEX and needs no expand/contract split; phase is metadata-only, the same class as 20260710000100_redact_audit_log_door_codes and 20260731140000_repair_zero_benefit_promo_allocations. THIS ROW IS REQUIRED, not documentation: "Member" IS in HOT_TABLE_SQL_REGEX and the statement is an UPDATE on it. WHAT IT MATCHES: a stored dateOfBirth whose time-of-day is exactly 11:00:00.000, 12:00:00.000 or 13:00:00.000 UTC (New Zealand local midnight at +13 and +12, plus 13 as a known-inert safety margin), moved forward onto UTC midnight of the intended day by date_trunc('day', dateOfBirth + INTERVAL '13 hours'). Minute and second must both be exactly zero, because the claim being made about a matched row is that it is EXACTLY a local midnight. EXPECT TEN ROWS CHANGED, NOT 364: the measured population is 10 of the 375 members who hold a date of birth (six at 11:00, four at 12:00) on the one deployment with a Xero connection. An earlier census reported 364 of 375 and is RETRACTED - it applied AT TIME ZONE to this naive column and read it back through the session zone, which inverted the result. Ten is the number to expect; a run that reports 364 means something is wrong, not that it went well. Every other deployment picks up the corrected parser before it ever imports a contact and this statement matches nothing there - because they never ran the defective parser, NOT because the predicate is zone-neutral (reading hours 11-13 as local midnight of the NEXT day is sound only for a server 11-13h EAST of UTC; the Dockerfile pins TZ=Pacific/Auckland). LOCK IMPACT: a single UPDATE taking ROW EXCLUSIVE on "Member" alone. There is no index on dateOfBirth, so it is a sequential scan of a table in the low thousands of rows - sub-second - and it writes only the matched rows. No foreign key is touched, no trigger fans out, no other table is referenced, and no Booking, Payment, capacity or provider record is read or written. It blocks a concurrent Member writer for that instant only. Run in the normal deploy window and let the deploy guard stop on lock timeout. NO SESSION CLOCK: no CURRENT_TIMESTAMP or now() anywhere, so the #1627 session-clock DML gate is satisfied; the arithmetic is a constant INTERVAL against the stored value. updatedAt is DELIBERATELY NOT TOUCHED (raw SQL bypasses Prisma's @updatedAt): moving it would make every repaired member look as though somebody had just edited their record, and the verification fixture asserts every non-dateOfBirth column is byte-identical. OLD-CODE COMPATIBLE, and strictly IMPROVED rather than merely tolerated. The column's type, nullability and name are unchanged, so a draining old colour neither gains nor loses a field and its writers are unaffected. What changes for it is the VALUE, and every old-colour reader gets a better answer: the UTC readers (member CSV export, the member's own data export, the admin member-detail edit form, the family card - all toISOString().slice(0,10) shaped) render the PREVIOUS day for a defective row today and render the correct day after the repair; the club-zone and local-getter readers (computeAge in policies/age-tier.ts, member-age.ts) already recovered the intended day from the defective instant under the TZ=Pacific/Auckland pin and read that same day afterwards, so nothing they decide moves. No age tier changes in either colour, which is the property that keeps pricing and hosting eligibility still - argued at code level rather than measured, and CONFIRM IT with the age-tier reconciliation query in the pull request's manual checks after the run (an empty result is the proof). TWO BOUNDED DRAIN INTERACTIONS. First, the old colour still carries the defective parser, so a Xero contact import run on it after this migration writes a fresh local-midnight row. THE REMEDY IS NOT "re-run the migration": prisma migrate deploy has already recorded this migration as applied and will never run it again. The operator must execute the statement BY HAND against the database after the drain, and it is reproduced here so they do not have to reconstruct it: UPDATE "Member" SET "dateOfBirth" = date_trunc('day', "dateOfBirth" + INTERVAL '13 hours') WHERE "dateOfBirth" IS NOT NULL AND date_part('hour', "dateOfBirth") IN (11, 12, 13) AND date_part('minute', "dateOfBirth") = 0 AND date_part('second', "dateOfBirth") = 0; It is idempotent and value-scoped, so running it a second time on already-repaired data changes nothing. Second, the old colour's age-up cron still compares a stored instant against a local-midnight cutoff, so during the drain it can skip a member whose birthday is exactly the season-start anniversary; the new colour's widened prefilter catches them on its next run. REVERSE ROLLBACK: there is no down migration and none is wanted - rolling the code back does not un-repair the data, and should not, because the repaired value is the correct calendar day under old and new code alike. IDEMPOTENT AND SAFE TO REPLAY: a row at 00:00 can never match the predicate again, so re-running the statement after cutover cannot walk a date of birth forward a second day. EXPECT THE NZBN FIELD TO FILL IN GRADUALLY, NOT AT DEPLOY (owner decision, 15 Aug 2026). This release starts SENDING each member date of birth to their Xero contact NZBN field, but only when that contact is next created or updated - i.e. when something on the member record actually changes. There is NO backfill and NO bulk push, deliberately: pushing 375 dates of birth into the club accounting system in one unattended write was judged the larger risk, so the owner chose to let it fill in naturally. CONSEQUENCE THE OPERATOR WILL BE ASKED ABOUT: on the day this deploys, and for some time after, most members Xero contacts will still show an EMPTY NZBN field. That is expected and is not a failure of this release. It is also not something to fix with a sweep. THE ACTIONABLE ANSWER when somebody asks why one member NZBN is still blank: touch any mapped field on that member (email, phone, either address, or the date of birth itself) and save. That queues a contact update, which carries the date of birth, and the field populates immediately. Note the write is also skipped, by design, for any contact this app has never observed and did not create - see INV-INT-017 - so a contact that was matched to a member rather than created by the app fills in only once a contact sync has cached it. ORDERING - RUN THE WITNESS QUERY BEFORE THE FIRST POST-DEPLOY CONTACT SYNC. Three further rows sit at 00:00 and are exactly one day behind their Xero contact (an administrator re-saving an affected record before the fix), and they are identifiable ONLY by comparing the stored value against the contact's own companyNumber string. This release makes the app WRITE the app's value over Xero's on the next contact update, so once a sync has run that evidence is gone. Take the three-row list, and the 79-row no-witness list, before any contact sync runs on the new colour. Both queries are in the pull request's manual checks. DATA VERIFICATION: prisma/migration-verification/20260814010000_repair_local_midnight_dates_of_birth.ts - 13 seeded rows covering both measured defective hours plus the inert third, both year boundaries, a correctly stored row, six synthetic near-misses and a NULL, plus five mutants including the 12-hour interval the first version of this migration shipped. TIMESTAMP COORDINATION: 20260814010000 sorts strictly after 20260813010000_add_member_email_inheritance_choice, the highest prefix on origin/main at 6e90b64e0, and was re-verified unique across origin/main, every remote branch, every local branch and every registered worktree on 14 Aug 2026 NZ.
20260821010000_add_maintenance_reports	expand	n/a	yes	Maintenance reports (#2780): a lodge-scoped fault queue, an admin-configurable question set, and a per-lodge unauthenticated QR token. PURELY ADDITIVE EXPAND. Three new enum types (MaintenanceQuestionType, MaintenanceReportSource, MaintenanceReportStatus), four brand-new empty tables (MaintenanceReportSettings, MaintenanceReportQuestion, MaintenanceReport, MaintenanceReportAnswer, plus LodgeMaintenanceReportToken), two defaulted BOOLEAN ADD COLUMNs (ClubModuleSettings.maintenanceReports and NotificationPreference.adminMaintenanceReport), and one INSERT ... VALUES seeding five starter questions. Nothing is renamed, retyped, dropped or repurposed, so the migration matches neither BREAKING_SQL_REGEX nor DESTRUCTIVE_REMOVAL_SQL_REGEX and needs no expand/contract split. THIS ROW IS REQUIRED, NOT DOCUMENTATION: HOT_TABLE_SQL_REGEX matches the line ALTER TABLE "MaintenanceReport" ADD CONSTRAINT "MaintenanceReport_memberId_fkey" ... REFERENCES "Member"("id"), because "Member" is a hot table and both ADD CONSTRAINT and REFERENCES are matched keywords. The constraint is created ON the new empty table; "Member" is only the referenced side. LOCK IMPACT: the four CREATE TABLE and eleven CREATE INDEX statements touch tables this migration itself creates, so nothing can contend for them. Both ADD COLUMN ... BOOLEAN NOT NULL DEFAULT true statements are catalog-only: PostgreSQL 11+ stores a non-volatile default in the catalog and rewrites no heap, so neither is proportional to row count. ClubModuleSettings is a strictly one-row singleton; NotificationPreference holds at most one row per member (low thousands) and is NOT in HOT_TABLE_SQL_REGEX. Each takes a brief ACCESS EXCLUSIVE lock on its own table only. The two foreign keys onto "Lodge" and the one onto "Member" each take SHARE ROW EXCLUSIVE on the new child table and a ROW SHARE lock on the referenced parent for the duration of the constraint validation; validation scans the CHILD table, which is empty, so it completes immediately and reads no "Member" or "Lodge" row. No Booking, Payment, capacity, token or provider record is read or written. CONCURRENTLY is deliberately not used because Prisma runs each migration inside a transaction and a concurrent index build cannot be. Run in the normal deploy window and let the deploy guard stop on lock timeout. NOT DATA-REWRITING, so no verification fixture is required and none is shipped: the only DML is one INSERT ... VALUES with ON CONFLICT DO NOTHING into a table created three statements earlier. There is no SELECT anywhere in the statement and no DO UPDATE, so it can only ADD rows and can never alter or delete anything a club has typed. IDEMPOTENT: the five ids are fixed literals, so a replay inserts nothing. NO SESSION CLOCK IN A PAYLOAD: the INSERT names no timestamp column at all; createdAt and updatedAt come from the columns' own DDL defaults, which the #1627 gate explicitly permits. OLD-CODE COMPATIBLE. A draining old colour has no knowledge of any of these tables, of ClubModuleSettings.maintenanceReports, or of NotificationPreference.adminMaintenanceReport. It cannot name the module column even by accident: every read of that singleton narrows to CLUB_MODULE_SETTINGS_COLUMN_SELECT, which is derived from MODULE_KEYS, so the previously deployed client's generated SQL lists only the columns it knows. The new column defaults true, so a club upgrading gets the member-facing card the moment the new colour serves traffic; the UNAUTHENTICATED QR endpoint is NOT opened by it, because that is gated separately on MaintenanceReportSettings.anonymousReportsEnabled, which defaults FALSE and has no row at all until an admin saves the section. Both halves fail closed on a missing row. The notification-preference column defaults true and the old colour's Prisma client neither selects nor writes it, so an admin's alert preferences are unchanged during the drain and every existing row acquires the new opt-in without a write. The seeded starter questions are inert until somebody opens the form. REVERSE ROLLBACK: no down migration is shipped and none is needed - the previous colour ignores every object this migration adds, so aborting the deploy before cutover restores service with no schema action. Dropping the five objects by hand would return the schema exactly to its previous shape, with the only loss being reports submitted after cutover. GENERIC-PRODUCT CHECK (INV-CONFIG-001): every seeded string is club-neutral - no club, lodge, place or equipment name appears - and all five questions are editable, reorderable and deactivatable by an admin. TIMESTAMP COORDINATION: 20260819120000 sorts strictly after 20260814010000_repair_local_midnight_dates_of_birth, the highest prefix on origin/main at 0a09fdbe9, and reuses no existing prefix.
20260815070000_add_alpine_central_server	expand	n/a	yes	Alpine Central Server (ServerNZ) integration. ADDITIVE EXPAND ONLY, two statements: one ADD COLUMN on ClubModuleSettings and one CREATE TABLE plus its index. NO data statement, no backfill, no rewrite, so check-data-migration-verification.sh classifies it as non-rewriting and demands no fixture. THE ADD COLUMN IS CATALOG-ONLY: "alpineCentralServer" BOOLEAN NOT NULL DEFAULT false is a constant default, which modern PostgreSQL records in pg_attribute rather than rewriting the heap, so it is instant regardless of row count - and ClubModuleSettings is a singleton table in any case. ServerNzSettings is a brand-new table, so nothing can contend on it. LOCK IMPACT: the ADD COLUMN takes a brief ACCESS EXCLUSIVE lock on ClubModuleSettings alone (one row, sub-millisecond); CREATE TABLE and CREATE INDEX take locks on an object no other session can yet see. Neither statement references Booking, Payment, Member, capacity or any provider record, and neither blocks a hot-table writer. ClubModuleSettings is absent from HOT_TABLE_SQL_REGEX and the statements match neither BREAKING_SQL_REGEX nor DESTRUCTIVE_REMOVAL_SQL_REGEX, so the blue/green gate is SILENT; this row is DOCUMENTATION, recorded because docs/UPGRADING.md tells an operator to look up every pending migration here and because all seven migrations merged since the baseline carry one. OLD-COLOUR COMPATIBLE IN BOTH DIRECTIONS. The draining old colour never names "alpineCentralServer": CLUB_MODULE_SETTINGS_COLUMN_SELECT is derived from MODULE_KEYS, so its select list is exactly the keys it was built with and the unknown column is neither read nor written by it. It has no knowledge of ServerNzSettings at all, so the new table is inert to it - no reader, no writer, no foreign key pointing at anything it touches. In the other direction the new colour finds the column present and false, which is the shipped default and means the module is OFF: no sync runs and nothing leaves the club until an admin enables it. Rollback drops the column and the table and returns the schema exactly to its prior shape; nothing outside this feature reads either, so no other behaviour changes. THE COLUMN "otherLodgesSyncStartedAt" IS THE SINGLE-FLIGHT CLAIM for a sync pass, not a timestamp anybody reads: a status-guarded updateMany moves it from null-or-stale to held, and the count IS the claim (a lost claim runs no side effect). It is deliberately NOT an advisory lock - a session-scoped lock would be taken and released across Prisma's connection pool and could fail to release, and an xact-scoped one would mean holding a transaction open across the central server's HTTP calls. NO SESSION CLOCK: no CURRENT_TIMESTAMP or now() in any DML, because there is no DML; the CREATE TABLE column defaults are ordinary schema defaults and satisfy the #1627 gate. TIMESTAMP COORDINATION: 20260815070000 sorts strictly after 20260814010000_repair_local_midnight_dates_of_birth, the highest prefix on origin/main when this branch was cut. IT WAS MINTED ON A FORK and must be re-verified unique against upstream before merge; if anything has landed at or above it since, renumber on rebase. Run in the normal deploy window.
20260819010000_add_booking_other_lodge_member_rate	expand	n/a	yes	Reciprocal "other club member" rate on a booking (Other Lodges epic, follow-up to #2749). ADDITIVE EXPAND ONLY, four statements: two ADD COLUMN, one CREATE INDEX and one ADD CONSTRAINT ... FOREIGN KEY. NO data statement, no backfill, no rewrite, so check-data-migration-verification.sh classifies it as non-rewriting and demands no fixture. THIS ROW IS REQUIRED, not documentation: both "Booking" and "BookingGuest" are in HOT_TABLE_SQL_REGEX and all four statements name one of them. BOTH ADD COLUMNs ARE CATALOG-ONLY: "Booking"."otherLodgeId" is nullable with no default, and "BookingGuest"."otherLodgeMember" is BOOLEAN NOT NULL DEFAULT false - a CONSTANT default, which modern PostgreSQL records in pg_attribute rather than rewriting the heap. Neither rewrites a row at any table size. LOCK IMPACT: each ADD COLUMN takes a brief ACCESS EXCLUSIVE lock on its own table (catalog update only, sub-millisecond). CREATE INDEX "Booking_otherLodgeId_idx" takes SHARE on "Booking" - blocking concurrent writers, not readers - for the duration of the build; the column is NULL on every existing row, so the index is built over an all-NULL column on a club Booking table in the low tens of thousands of rows and completes well under a second. CONCURRENTLY is deliberately not used because Prisma runs each migration inside a transaction and a concurrent index build cannot be - the same reasoning recorded for 20260813010000_add_member_email_inheritance_choice. ADD CONSTRAINT ... FOREIGN KEY takes SHARE ROW EXCLUSIVE on "Booking" plus ROW SHARE on the referenced "OtherLodge", and its validation scan finds every row NULL, so it validates trivially. No trigger fans out, no Payment, capacity, credit or provider record is read or written, and no statement touches a booking lifecycle column. Run in the normal deploy window and let the deploy guard stop on lock timeout. NO SESSION CLOCK: there is no DML at all, so the #1627 session-clock DML gate is satisfied. OLD-COLOUR COMPATIBLE IN BOTH DIRECTIONS. The draining old colour has no knowledge of either column: its Prisma client selects explicit column lists that name neither, and its booking writers omit both - which is exactly why "otherLodgeMember" carries a DEFAULT rather than being nullable, so an old-colour INSERT into "BookingGuest" that omits the column still succeeds and lands on false. In the other direction the new colour finds "otherLodgeId" NULL and "otherLodgeMember" false on every pre-existing row, which is the shipped default and means no other-club rate is claimed: every existing guest continues to price exactly as it did, because the rate resolver reads the flag only when it is true. THE FEATURE IS ADMIN-ONLY AND OPT-IN, so nothing changes for any club until a booking officer names a partner lodge on a booking. ROLLBACK drops the constraint, the index and both columns and returns the schema exactly to its prior shape; the only data lost is the officer's other-lodge election, and the prices already written to BookingGuest.priceCents stay as they are (they are ordinary priced money, not derived from the flag at read time). TIMESTAMP COORDINATION: 20260819010000 sorts strictly after 20260815070000_add_alpine_central_server, the highest prefix on this branch's base, and reuses no existing prefix. Re-verify it is still unique against upstream before merge and renumber on rebase if anything has landed at or above it.
20260819130000_manual_refund_task_edit_financial_review	expand	n/a	yes	#2797: hold an unpriceable in-progress edit’s money as an explicit pending admin task (owner decisions D1-D3, 11 Aug 2026). ADDITIVE EXPAND, no row rewrite: one CREATE TYPE (ManualRefundTaskKind), four nullable no-default ADD COLUMNs on ManualRefundTask (raisedAmountCents, kind, occurrenceKey, reviewContext), two ALTER COLUMN DROP NOT NULL on ManualRefundTask (paymentId, amountCents), two CREATE INDEX, and five ADD CONSTRAINT CHECK. There is no UPDATE, INSERT or DELETE anywhere in the file, so every existing ManualRefundTask, BookingGuest and BookingGuestNight row is byte-identical afterwards and check-data-migration-verification.sh demands no fixture. THIS ROW IS REQUIRED, not documentation: the ALTER TABLE "BookingGuest" ADD CONSTRAINT and ALTER TABLE "BookingGuestNight" ADD CONSTRAINT statements match HOT_TABLE_SQL_REGEX via BookingGuest. LOCK IMPACT: ADD COLUMN with no default is catalog-only (PostgreSQL 11+ writes no heap); DROP NOT NULL is a catalog metadata flip; each takes only a brief ACCESS EXCLUSIVE on the cold ManualRefundTask table (low hundreds of rows). The occurrenceKey unique index and the kind,status index build over ManualRefundTask alone. The three ManualRefundTask CHECK constraints (amount_nonnegative, raised_amount_nonnegative, completed_amount_present) are VALIDATED, not NOT VALID, because every existing row was written under the old NOT NULL paymentId/amountCents with a positive policy amount, so the scan of that small cold table cannot fail. The two BookingGuest/BookingGuestNight price-nonnegative CHECKs are ADD CONSTRAINT ... NOT VALID DELIBERATELY: NOT VALID skips the validating scan so neither hot table takes a full-table ACCESS EXCLUSIVE lock, and forward-only (#2797 scope) means an already-damaged negative row must neither block the deploy nor be silently rewritten; the constraint is enforced on every INSERT/UPDATE from that statement on, which is exactly criterion 14. The 11 Aug read-only audit measured the negative population at zero (0/382 BookingGuest, 0/657 BookingGuestNight), so there is nothing to repair. No CREATE/DROP TABLE/COLUMN/TYPE, no RENAME, no ALTER COLUMN TYPE, no SET NOT NULL on existing data, no backfill DML, no now()/CURRENT_TIMESTAMP, and no Xero/Stripe/SES/provider call. OLD-CODE COMPATIBLE. Forward: the draining old colour Prisma client selects neither the four new columns nor the enum and keeps reading paymentId/amountCents as required string/int, which every pre-#2797 row still carries unchanged; DROP NOT NULL only widens what the column MAY hold and never removes a value an old read expects. ONE BOUNDED DRAIN INTERACTION: only the new colour ever mints an EDIT_FINANCIAL_REVIEW task, and only such a task may carry a NULL paymentId or NULL amountCents; if the new colour writes one during the drain and an old-colour ManualRefundTask read (the admin finance queue) encounters it, the old client can raise a transient runtime error on the unexpected NULL for that one rarely-created row. It is bounded to the drain window, touches an admin-only surface, moves no money and corrupts no data, and the row reads correctly the instant the old colour is gone; every pre-existing row is unaffected throughout. Reverse rollback drops only the four new nullable columns, the enum, the two indexes and the five checks, leaving every original paymentId/amountCents value intact; DROP NOT NULL cannot be reversed while a NULL row exists, so drain the new colour and clear any NULL rows first. TIMESTAMP COORDINATION: 20260819130000 reuses no existing prefix. It was cut expecting the sibling 20260819120000 (#2780) to land FIRST; that did not happen, so #2780 renumbered to 20260821010000, which sorts strictly above this row. A migration inserted BENEATH one already applied fails Migration drift check - the same trap 20260813010000 hit and recorded; re-verify unique across origin/main, every remote and local branch and every registered worktree before merge. Run in the normal deploy window and let the deploy guard stop on lock timeout.
20260820020000_add_hut_leader_assignment_source	expand	n/a	yes	Gives HutLeaderAssignment a provenance column so the hut-leader overlap predicate can exclude school-teacher rows without asking the member what they are TODAY (#2926, split out of #2887 after the first attempt was reverted). THREE STATEMENTS. (1) CREATE TYPE "HutLeaderAssignmentSource" AS ENUM ('MANUAL','CRON','SCHOOL_BOOKING') - additive, and CREATE TYPE matches neither BREAKING_SQL_REGEX (which lists DROP TYPE, not CREATE TYPE) nor DESTRUCTIVE_REMOVAL_SQL_REGEX. (2) ALTER TABLE "HutLeaderAssignment" ADD COLUMN "source" NOT NULL DEFAULT 'MANUAL' - a CONSTANT non-volatile default, which PostgreSQL 11+ stores as catalog metadata with NO heap rewrite. "HutLeaderAssignment" is absent from HOT_TABLE_SQL_REGEX and holds one row per leader per stay (hundreds, not millions). (3) the backfill: UPDATE "HutLeaderAssignment" ... FROM "Member" WHERE role = 'SCHOOL' AND canLogin = false. THIS ROW IS REQUIRED, NOT DOCUMENTATION: statement 3 is an UPDATE whose text names "Member", which IS in HOT_TABLE_SQL_REGEX, so the coverage gate demands this entry. LOCK IMPACT: statements 1 and 2 take a brief ACCESS EXCLUSIVE lock on the new type and on "HutLeaderAssignment" for the catalog change only - no rewrite, no index build, no constraint validation, no foreign key. Statement 3 takes ROW EXCLUSIVE on "HutLeaderAssignment" and only ACCESS SHARE on "Member" (it is the FROM side and is never written), so no Member writer is blocked beyond the instant of the join. No Booking, Payment, capacity or provider record is read or written. Run in the normal deploy window and let the deploy guard stop on lock timeout. THE BACKFILL'S OWN WEAKNESS, STATED RATHER THAN GLOSSED: rows already in the table carry no provenance, so the only way to recognise a teacher row retroactively is the member's CURRENT classification - the very derivation this column exists to escape. That is acceptable HERE and nowhere else because it is a ONE-OFF POINT-IN-TIME SNAPSHOT, not a live predicate: whatever an admin does to a member afterwards, this row's source never moves again. IT IS NARROWER THAN role = 'SCHOOL' ON PURPOSE. The conjunct canLogin = false is what separates a teacher (school-booking-request.ts creates them role SCHOOL, canLogin false) from a member an admin has reclassified as an organisation: the member editor clears every access role when canLogin is false, so legacyRoleFromAccessRoles([]) returns 'USER' and a non-login member cannot come out of that editor holding 'SCHOOL'. The codebase already treats the pair this way - admin-members-service.ts resolves the ORG member-list filter to { role: 'SCHOOL', canLogin: true }. The admin POST could never have created a row for a canLogin=false member either: it requires hasAccessRole(member,'USER'), which is empty for a non-login member. IT ERRS TOWARDS OVER-BLOCKING: a teacher row the predicate MISSES stays MANUAL and keeps blocking, which is today's behaviour merely not yet improved; a row it wrongly MATCHES stops blocking, which is the actual harm. The school CONTACT member shares the teacher's member shape exactly and is not a concern here because the contact is the booking OWNER and never holds a hut-leader assignment. NOT TOUCHED: updatedAt. Raw SQL bypasses Prisma's @updatedAt, and moving it would make every teacher assignment look as though somebody had just edited the roster; the fixture asserts every non-source column is byte-identical. NO SESSION CLOCK: no now() and no CURRENT_TIMESTAMP anywhere, so the #1627 DML gate is satisfied. OLD-COLOUR COMPATIBLE IN BOTH DIRECTIONS. Forward: the previously deployed Prisma client does not know "source", so it neither selects nor writes it; its omitted-column INSERT takes the database default MANUAL, and its overlap predicate keeps matching on dates and lodge alone - i.e. the old colour keeps letting teacher rows block, exactly as it does today, so the two colours differ only in that the new one is more permissive about a refusal. No money, capacity or membership state depends on the difference. Reverse: dropping the column and the type restores the previous shape and loses only the provenance, which no older code reads. NOT IDEMPOTENT AS A WHOLE, and not claimed to be: the file opens with CREATE TYPE and ADD COLUMN without IF NOT EXISTS, so a replay fails 42710/42701 before reaching the DML. The DML itself is convergent (its predicate does not read "source"). DATA VERIFICATION: prisma/migration-verification/20260820020000_add_hut_leader_assignment_source.ts - five members covering teacher, school contact, reclassified organisation, plain member and non-login dependant, plus four mutants including the dropped canLogin conjunct that reproduces the reverted defect. TIMESTAMP COORDINATION - THIS MIGRATION WAS RENUMBERED, and the reason is the ratchet it would otherwise have tripped. It was first cut as 20260819130000, which was unique when written; origin/main then landed 20260819130000_manual_refund_task_edit_financial_review on the SAME prefix, and the duplicate-prefix check in scripts/check-migration-safety-coverage.sh fails a pull request that reuses one. Renumbered to 20260820020000 on 20 Aug 2026 NZ, which sorts strictly after 20260819130000_manual_refund_task_edit_financial_review - the highest prefix on origin/main - and after 20260819120000_add_maintenance_reports and 20260815070000_add_alpine_central_server on open local lanes. Re-verified unique across origin/main, every remote branch, every local branch and every registered worktree (including uncommitted migration directories in those worktrees, which a remote-only scan would miss). A migration inserted BENEATH one already applied fails Migration drift check, so the new prefix sorting above every existing one is the property that matters, not merely its uniqueness.
20260822010000_add_club_time_settings	expand	n/a	yes	The installation's one club timezone (CT-1, #2989; epic #2988). TWO STATEMENTS, both additive and both on a table that does not exist before this migration: CREATE TABLE "ClubTimeSettings" and CREATE INDEX on its updatedByMemberId. There is NO DML of any kind - no INSERT, no UPDATE, no DELETE, no data-modifying CTE, no DO block - so every existing row in every existing table is byte-identical afterwards and check-data-migration-verification.sh classifies it as non-rewriting. THIS ROW IS DOCUMENTATION, NOT A REQUIREMENT: the SQL matches neither BREAKING_SQL_REGEX nor DESTRUCTIVE_REMOVAL_SQL_REGEX, and "ClubTimeSettings" is absent from HOT_TABLE_SQL_REGEX, so the coverage gate demands nothing here. It is written because the migration is the expand half of a two-part change whose other half runs in the application, and an operator reading the ledger should find that stated rather than have to infer it. LOCK IMPACT: none worth the name. CREATE TABLE takes no lock on any existing object, and the index is built over an empty table. No existing table is altered, no constraint is validated, no foreign key is added, no trigger fans out, and no Booking, Payment, Member, capacity, credit or provider record is read or written. Run in the normal deploy window. NO SESSION CLOCK: there is no payload at all; createdAt/updatedAt come from the columns' own DDL DEFAULT CURRENT_TIMESTAMP, which the #1627 gate explicitly permits as DDL rather than DML. THE ROW IS DELIBERATELY NOT SEEDED, and this is the substantive decision in the migration. An existing deployment's current effective club timezone comes from its own TZ / NEXT_PUBLIC_TZ environment, and SQL cannot read a process environment. Inserting 'Pacific/Auckland' here would silently reassign the civil time of any club running on another zone - the one outcome #2989 forbids - so the backfill happens at boot instead, in the create-if-absent clubTimeZoneSelfHealStep (src/lib/config-self-heal.ts), from the value that deployment is effectively using at that moment. That step is registered as NOT requiring a primary config/club.json, because the value it copies comes from the environment and not from that file, and since #1987 an absent club.json is normal for a DB-first install. OLD-CODE COMPATIBLE IN BOTH DIRECTIONS, and trivially so. Forward: the draining old colour's Prisma client has no ClubTimeSettings delegate at all, so it never selects from, inserts into or joins the table, and its own timezone behaviour is unchanged because it keeps reading APP_TIME_ZONE from the environment exactly as it does today. The new colour finds the table empty and falls through to the same environment value until its first boot persists it, so the two colours agree on the club's civil time throughout migrate -> cutover. Reverse: DROP TABLE "ClubTimeSettings" restores the previous shape exactly and loses only the persisted zone, which the next boot of an older release does not read and a newer release would re-seed from the environment. NOT IDEMPOTENT AS A WHOLE and not claimed to be: CREATE TABLE without IF NOT EXISTS fails 42P07 on a replay. DATA VERIFICATION: a fixture ships anyway at prisma/migration-verification/20260822010000_add_club_time_settings.ts, because the SHAPE of this table is load-bearing - timeZone being NOT NULL is what stops a row existing with no configured zone, and the id default being exactly 'default' is what makes the application's where: { id: "default" } read find the row at all. Both are covered by semantically-valid mutants. TIMESTAMP COORDINATION: 20260822010000 sorts strictly after 20260821010000_add_maintenance_reports, the highest prefix on origin/main at bbbd8b1b3, and reuses no existing prefix. Re-verify it is still unique against origin/main, every remote and local branch and every registered worktree before merge, and renumber on rebase if anything has landed at or above it - a migration inserted BENEATH one already applied fails Migration drift check.
20260822015000_add_comms_portal	expand	n/a	yes	Member message board tables and the commsPortal module flag (#2993, epic #2992). ADDITIVE EXPAND ONLY, no row rewrite anywhere: one CREATE TYPE (ClubPostReportReason), one ALTER TABLE ADD COLUMN on "ClubModuleSettings", three CREATE TABLE ("ClubPost", "ClubPostImage", "ClubPostReport"), nine CREATE INDEX all on those three NEW tables, and four ADD CONSTRAINT ... FOREIGN KEY. There is no INSERT, UPDATE or DELETE anywhere in the file, so every existing row of every existing table is byte-identical afterwards and check-data-migration-verification.sh classifies it as non-rewriting and demands no fixture. THIS ROW IS REQUIRED, not documentation: two of the four ADD CONSTRAINT statements name "Member", which is in HOT_TABLE_SQL_REGEX. It matches BREAKING_SQL_REGEX nowhere - no DROP, no RENAME, no ALTER COLUMN TYPE, no SET NOT NULL - so old_code_compatible=yes is an additive claim, not a compensating-pattern one. LOCK IMPACT: CREATE TYPE takes a lock on the new type alone. The ADD COLUMN is "commsPortal" BOOLEAN NOT NULL DEFAULT false - a CONSTANT default, which PostgreSQL 11+ records in pg_attribute rather than rewriting the heap - and takes a brief ACCESS EXCLUSIVE on "ClubModuleSettings", a SINGLETON table holding exactly one row. The three CREATE TABLEs and all nine indexes touch only tables this migration has just created and which no session can yet be reading. THE ONLY STATEMENTS THAT TOUCH A HOT TABLE ARE THE TWO "Member" FOREIGN KEYS, and each takes SHARE ROW EXCLUSIVE on the brand-new empty child table plus ROW SHARE on the referenced "Member". ROW SHARE does not block SELECT, INSERT, UPDATE or DELETE on "Member" - it conflicts only with ACCESS EXCLUSIVE - so no member writer is blocked beyond the instant of the catalog change. The validation scan runs over "ClubPost" and "ClubPostReport", which are EMPTY at that moment, so it validates trivially regardless of how many members exist. CONCURRENTLY is deliberately not used for the indexes because Prisma runs each migration inside a transaction and a concurrent index build cannot be - the same reasoning recorded for 20260813010000_add_member_email_inheritance_choice and 20260819010000_add_booking_other_lodge_member_rate. It costs nothing here: every index is built over an empty table. No Booking, Payment, capacity, credit, subscription or provider record is read or written, and no statement touches a booking, payment or membership lifecycle column. Run in the normal deploy window and let the deploy guard stop on lock timeout. NO SESSION CLOCK: there is no DML at all, so the #1627 session-clock DML gate is satisfied. The DEFAULT CURRENT_TIMESTAMP clauses are column defaults on new tables evaluated per future INSERT, not a migration-time now(). OLD-COLOUR COMPATIBLE IN BOTH DIRECTIONS. Forward: the draining old colour has no knowledge of the three new tables and never names them. It does read "ClubModuleSettings", and it is safe because every read of that table narrows to CLUB_MODULE_SETTINGS_COLUMN_SELECT, which is derived from MODULE_KEYS - the old colour is column-explicit and does not name "commsPortal", so the new column is invisible to its SELECT; and because the column is NOT NULL with a constant DEFAULT, an old-colour INSERT or upsert that omits it still succeeds and lands on false. THE DEFAULT IS false ON PURPOSE AND THAT IS THE COMPATIBILITY ARGUMENT AS WELL AS A PRODUCT DECISION (epic #2992, D-C2): the module gates a board whose posts can be shared to OTHER CLUBS, so an upgrade that defaulted it on would start publishing member-written content to third parties on nothing but a deploy. Defaulting off means the new colour behaves exactly as the old one until an admin acts, which is also why no mixed-runtime protocol exists here for the two colours to disagree about. Reverse rollback drops the four constraints, the nine indexes, the three tables, the column and the type, returning the schema exactly to its prior shape; the only data lost is board content that could not have existed before this migration. TIMESTAMP COORDINATION: 20260822010000 sorts strictly after 20260821010000_add_maintenance_reports, the highest prefix on origin/main, and reuses no existing prefix. Verified unique on 22 Aug 2026 NZ across origin/main, every remote branch, every local branch and the single registered worktree by comparing the highest prisma/migrations prefix on every ref. A migration inserted BENEATH one already applied fails Migration drift check - the trap 20260813010000 and 20260820020000 both recorded - so re-verify uniqueness before merge and renumber on rebase if anything has landed at or above it.
20260825010000_narrow_calendar_date_columns	expand	n/a	yes	Eleven true CALENDAR-DATE columns narrowed from timestamp(3) to DATE so the schema carries their meaning (CT-3, #2872; epic #2988 Club Time). TWELVE STATEMENTS: one DO block that first takes ACCESS EXCLUSIVE on all five affected tables and then PREFLIGHTS every one of the eleven for a stored value carrying a time, then eleven ALTER TABLE ... ALTER COLUMN ... SET DATA TYPE DATE. The eleven are Member.dateOfBirth, Member.joinedDate, Member.lifeMemberDate, MemberApplication.applicantDateOfBirth, FamilyGroupJoinRequest.childDateOfBirth, FamilyGroupJoinRequest.requestedDateOfBirth, PromoCode.validFrom, PromoCode.validUntil, PromoCode.bookingStartFrom, PromoCode.bookingStartUntil and GroupBooking.joinDeadline. A TWELFTH CANDIDATE IS DELIBERATELY EXCLUDED: MembershipNominationSettings.gateEffectiveFrom stays timestamp(3), because api/admin/membership-nomination-settings stamps new Date() - a real instant - whenever the nomination gate is enabled with the cutoff box left empty, which the admin panel's own help text presents as ordinary use. That is a clock writer, the same disqualification that keeps MemberInduction.inductionDate out, and narrowing a mixed column would both truncate that instant and make the fail-closed preflight RAISE on any club that had used the feature that way - stopping this epic's single deploy. The migration's WHAT IS DELIBERATELY NOT HERE note carries the full reasoning, including why a repair is not available here (the club zone lives in ClubTimeSettings, which CT-1 seeds at boot rather than in SQL, so the table can be empty while this migration runs). NO INSERT, UPDATE, DELETE or backfill anywhere in the file; the only thing that touches stored bytes is the cast itself. PHASE=expand IS THE PRECEDENT VALUE, NOT A CLAIM THAT THIS IS ADDITIVE: the closed vocabulary is expand/contract/metadata-only and a type narrowing is none of the three, so this follows 20260622100000_harden_locker_names - the earlier fail-closed-guard-then-narrow migration - which is also phase=expand. It removes no column, table, type or enum value, so DESTRUCTIVE_REMOVAL_SQL_REGEX does not match and no previous_expand_release is required or truthful. THIS ROW IS REQUIRED, NOT DOCUMENTATION, twice over: ALTER COLUMN ... TYPE matches BREAKING_SQL_REGEX on all eleven lines, and Member, MemberApplication and FamilyGroupJoinRequest are all in HOT_TABLE_SQL_REGEX. The deploy therefore needs ALLOW_BREAKING_BLUE_GREEN_MIGRATIONS=1 with a BLUE_GREEN_MIGRATION_OVERRIDE_REASON. It does NOT need BLUE_GREEN_OLD_APP_AND_WORKERS_STOPPED: this row is yes, not windowed. WHY yes AND NOT windowed, stated explicitly because this row carries an OLD-CODE CAVEAT heading and the policy's own starting-point grep for the historical yes-that-should-have-been-windowed class matches exactly that word. The test is the vocabulary table in docs/BLUE_GREEN_MIGRATION_POLICY.md: windowed means the previous colour may ERROR or violate a MIXED-RUNTIME PROTOCOL between migrate and cutover. Neither caveat below does either. Nothing errors - both are ordinary queries that keep returning rows - and there is no protocol for the two colours to disagree about, because this migration adds no claim, no flag and no new enum value; the two effects are a delayed candidate in a cron that only PROPOSES and a one-day over-count at the lower edge of a read-only admin report. The policy names this exact shape when it says its grep OVER-collects, citing 20260716140000_xero_member_grouping and 20260729180000_add_payment_manual_mark_paid as genuinely yes rows that carry an OLD-CODE CAVEAT heading. This is a third. LOCK IMPACT. timestamp(3) and date have different storage, so each ALTER rewrites its table in place under an ACCESS EXCLUSIVE lock held for the rewrite - readers as well as writers wait. Every one of these tables is club-sized: a membership in the hundreds to low thousands of rows, and applications, family join requests, promo codes and group bookings in the tens or fewer. Five tables are touched, three of them (Member, MemberApplication, FamilyGroupJoinRequest) hot. Member's three columns are three SEPARATE ALTER TABLE statements, so Member is rewritten three times rather than once. That is deliberate: three sub-second rewrites of a club-sized table are easier to read, to reverse and to reason about than one combined statement, and the whole sequence is still milliseconds at this scale. GroupBooking's index (status, joinDeadline) is rebuilt automatically by its ALTER; no other narrowed column carries an index. No foreign key is added or revalidated, no trigger fans out (the Booking envelope triggers are AFTER UPDATE OF checkIn/checkOut and no booking row is written), and no Payment, capacity, credit or provider record is read or written. THE LOCK IS TAKEN UP FRONT, ONCE. The DO block's first statement is LOCK TABLE on Member, MemberApplication, FamilyGroupJoinRequest, PromoCode and GroupBooking IN ACCESS EXCLUSIVE MODE. That is not extra blocking, it is the same blocking front-loaded: every ALTER needed that lock anyway, and taking them together is what makes the fail-closed check ATOMIC with the cast it guards. Without it the preflight reads unlocked, the ALTERs lock one table at a time afterwards, and the old colour is still serving in between - so a write committing in that gap is truncated with the evidence destroyed, which is the one outcome the HINT says must never happen. The statement sits INSIDE the PL/pgSQL block rather than above it because a bare LOCK TABLE is rejected outside a transaction and the data-migration verification harness deliberately replays committed migrations statement by statement outside one; inside PL/pgSQL there is always a transaction, and where a transaction really does span the file the lock is still held after the block returns (measured in pg_locks). Run in the normal deploy window and let the deploy guard stop on lock timeout - which now fires here, once, rather than at an arbitrary ALTER. THE PREFLIGHT IS FAIL-CLOSED AND CAN ABORT THE DEPLOY, WHICH IS THE INTENT. Issue #2872 requires that a value which would be changed or truncated stops the field rather than being narrowed. The DO block counts, per column, every non-NULL row where the value differs from date_trunc('day', value), and RAISEs naming the columns and the row COUNTS - never a stored value, because these columns hold dates of birth. If it fires, the deploy stops BEFORE any ALTER runs and before cutover, so the database is unchanged and the previous colour is still serving: aborting is a clean rollback. The HINT names the repair path and warns against plain truncation, which would freeze in a day-early day and destroy the evidence. On the one live site this is expected to match nothing: 20260814010000_repair_local_midnight_dates_of_birth already moved the ten Xero-imported dates of birth off local midnight, and #2867 fixed the two parsers that wrote them. OLD-CODE COMPATIBLE - MEASURED, NOT ASSUMED, because a type change is the one shape where the client's schema and the database's shape can disagree. WHAT WAS MEASURED AND HOW, since an earlier draft of this row over-claimed here: the committed probe (src/lib/__tests__/prisma-date-column-binding.test.ts) drives only the NEW client, so it proves the new colour and says nothing about the draining one. Both halves of the OLD colour were therefore measured separately, each in three host zones (UTC, Pacific/Auckland, America/Denver), and each gave the identical answer in all three. WRITE HALF: a client whose schema declares the column a plain DateTime - which is what the draining colour's schema says for all eleven - binds new Date('1985-06-15T00:00:00.000Z') as the text '1985-06-15 00:00:00', with no parameter type OID declared by the driver; sending exactly that text as $1 into a real DATE column on a throwaway PostgreSQL stores the day 1985-06-15. READ HALF: driven through @prisma/adapter-pg itself, a date column and a timestamp column holding the same day come back as columnType Date and columnType DateTime respectively, with the texts '1985-06-15' and '1985-06-15T00:00:00+00:00' - which new Date maps to the identical instant, 1985-06-15T00:00:00.000Z. The mechanisms behind both, unchanged: READS: @prisma/adapter-pg builds columnTypes from the DRIVER's reported OID (fieldToColumnType), so a now-date column arrives as ColumnTypeEnum.Date whatever the client's schema says; its text parser for date is the identity; and the client runtime maps both 'date' and 'datetime' to new Date(text). new Date('1985-06-15') is UTC midnight - byte-identical to the Date the draining colour reads today from a timestamp(3) column holding '1985-06-15 00:00:00'. Either resolution path therefore yields the same value. WRITES: mapArg picks its formatter from the CLIENT's own argType.dbType, so the draining colour keeps calling formatDateTime and sends '1985-06-15 00:00:00'; PostgreSQL accepts that for a date column - a timestamp value is assignment-cast to date, keeping the year, month and day - so the stored day is the same one the old colour meant. Nothing the old colour writes to these columns is anything but UTC midnight - every writer was enumerated for this change and for 20260814010000 before it. OLD-CODE CAVEAT, BOUNDED TO THE DRAIN AND READ-ONLY. Two Prisma FILTERS bind an instant-shaped bound to a narrowed column, and both are corrected in the new colour by this pull request. The draining colour keeps its uncorrected bounds, and PostgreSQL - not the adapter - now casts them to a day: (1) the age-up cron compares Member.dateOfBirth against a HOST-LOCAL midnight cutoff, which east of UTC casts to the previous day, so between migrate and cutover a member born exactly on the season-start anniversary is not PROPOSED as a candidate. That query only proposes; computeAgeTierWithSettings is the authority, the cron is daily, and the next run on the new colour picks them up - so the effect is a delayed upgrade within the drain window, never a wrong tier written. (2) the admin reports route counts new members with Member.joinedDate between a club-midnight instant and a club-end-of-day instant; the lower bound casts to the PREVIOUS day, so an old-colour report run during the drain can over-count joiners by one day at the lower edge. It is a read-only admin report. Neither errors, neither writes, neither corrupts, and both are gone the moment the old colour is. NO SESSION CLOCK: there is no DML at all, and the DO block contains only SELECT and RAISE, so the #1627 gate is satisfied. DATA VERIFICATION: prisma/migration-verification/20260825010000_narrow_calendar_date_columns.ts - three cases (a club holding a value in all eleven columns plus a real 21:00 instant in the EXCLUDED gateEffectiveFrom, a club holding NULL in all of them, and a fresh install with no rows), each asserting BOTH the resulting PostgreSQL type and the calendar day, and the first also asserting that gateEffectiveFrom is still a timestamp and still carries its time - so re-adding @db.Date to it fails here rather than on a club's deploy. FOURTEEN mutants: one inverted-predicate mutant PER PREFLIGHT ARM, generated from the same column list that drives the type assertions, so every one of the eleven arms is proved reachable rather than just the one the earlier version tested; plus a timezone-converting cast that moves every date of birth back one day, a one-day shift on the join deadline, and a dropped ALTER. The per-arm set exists because the arms are a hand-written eleven-way UNION ALL and every case seeds clean, NULL or absent values: a copy-paste that pointed the validUntil arm at validFrom was semantically valid, matched once, and passed every assertion in all three cases before this change - it now fails two ways. ROLLBACK: prisma/migrations/20260825010000_narrow_calendar_date_columns/rollback.sql casts the eleven columns back to timestamp(3), and states what rolling FORWARD afterwards costs - rehearsed on a throwaway PostgreSQL: _prisma_migrations still records the migration as applied, so a later prisma migrate deploy answers 'No pending migrations to apply.' and skips it, leaving the columns timestamp(3) under clients generated from an @db.Date schema and, more to the point, never running the fail-closed preflight again. Nothing errors; the recovery is to re-apply migration.sql by hand, which was also rehearsed and returns migrate diff to 'No difference detected.' It is not required for a yes row and is shipped anyway because a type change is the shape an operator most wants a reverse script for. It is exactly value-preserving in this direction too: date -> timestamp(3) yields midnight, which is what every row held before the cast, and the preflight guarantees it. TIMESTAMP COORDINATION: 20260825010000 is inside the 20260825...... band reserved for CT-3 in epic #2988's body, sorts strictly after 20260822010000_add_club_time_settings (the highest prefix on the epic branch and on origin/main), and reuses no existing prefix. Re-verified unique against origin/main, every remote branch, every local branch and every registered worktree including their UNCOMMITTED migration directories, which a remote-only scan would miss. A migration inserted BENEATH one already applied fails Migration drift check, so the prefix sorting above every existing one is the property that matters and not merely its uniqueness. EPIC CONSTRAINT: every migration in #2988 lands in ONE deploy, so this file pairs no contract half with itself and its old-code claim above is made against the PRE-EPIC release, not against a sibling child.
20260826010000_add_environment_safety_settings	expand	n/a	yes	The installation environment-safety override (ENV-SAFETY 1, #3034; epic #2986). TWO STATEMENTS, both additive and both on a table that does not exist before this migration: CREATE TABLE "EnvironmentSafetySettings" and CREATE INDEX on its own updatedByMemberId column. NO existing table is read, altered or locked; there is no DML of any kind, so no data-migration verification fixture is required. OLD-CODE COMPATIBLE BY CONSTRUCTION: the deployed previous release contains no reference to this table, so the draining blue/green colour neither reads nor writes it and cannot be affected between migrate and cutover. LOCK IMPACT: the CREATE TABLE takes an ACCESS EXCLUSIVE lock on a relation that this statement itself creates, so nothing can contend for it; the CREATE INDEX is on that same brand-new empty table, so it is O(0) rows and holds no lock any other writer can be waiting behind. It matches neither HOT_TABLE_SQL_REGEX (no hot-table identifier appears in either statement - the index is on "EnvironmentSafetySettings", and updatedByMemberId carries no REFERENCES clause, exactly like ClubTimeSettings) nor BREAKING_SQL_REGEX nor DESTRUCTIVE_REMOVAL_SQL_REGEX, so this row is documentation of the analysis rather than a coverage requirement. THE ROW IS NOT SEEDED, deliberately: an absent row means no override, which is identical to forceNonProduction = false, so the resolver needs no backfill and no read path ever creates anything. NO SESSION CLOCK IN A PAYLOAD: there is no payload - createdAt/updatedAt come from the columns own DDL defaults, which the #1627 gate explicitly permits.
20260827010000_add_environment_delivery_block_reason	expand	n/a	yes	Record what the environment-safety delivery boundary held back, distinguishably from every other reason a message was not sent (ENV-SAFETY 2, #3035; epic #2986; INV-CONFIG-004). THREE STATEMENTS, all additive. (1) ALTER TYPE "EmailLogStatus" ADD VALUE IF NOT EXISTS 'SKIPPED_NON_PRODUCTION' - registers a label and never USES it, so Prisma's per-migration transaction is safe; identical pattern to 20260727120000, which registered SKIPPED_NO_EMAILS on this same type. ALTER TYPE ... ADD VALUE is deliberately NOT matched by BREAKING_SQL_REGEX (it is additive, unlike RENAME VALUE). (2) CREATE TYPE "EmailDeliveryBlockReason" - a brand-new type, matched by neither BREAKING_SQL_REGEX (which lists DROP TYPE, not CREATE TYPE) nor DESTRUCTIVE_REMOVAL_SQL_REGEX. (3) ALTER TABLE "EmailLog" ADD COLUMN "deliveryBlockReason" - NULLABLE with NO DEFAULT, which PostgreSQL 11+ records as catalog metadata with no heap rewrite. THIS ROW IS DOCUMENTATION, NOT A COVERAGE REQUIREMENT: "EmailLog" is absent from HOT_TABLE_SQL_REGEX (the list is Member/Booking/Payment/membership/finance-token/auth-token tables), so the ALTER TABLE matches no hot-table pattern, and nothing here matches the breaking or destructive-removal patterns either. It is written because the migration is the expand half of a change whose other half is a safety boundary in the application, and an operator reading the ledger should find that stated. NO DML OF ANY KIND - no INSERT, UPDATE, DELETE, data-modifying CTE or DO block - so every existing row in every existing table is byte-identical afterwards and scripts/check-data-migration-verification.sh classifies it as shape-only and demands no fixture. No fixture ships: unlike 20260822010000 (where NOT NULL and a fixed id default were load-bearing), nothing about this shape carries an invariant beyond "the column exists and is nullable", which the generated Prisma client enforces at compile time. NO SESSION CLOCK: there is no payload at all, so the #1627 DML gate is satisfied. NO INDEX IS ADDED, and the REASONING WAS CORRECTED after review because the first version of it was wrong in two places. The withheld-email count #3034's admin panel reads is two aggregates - count plus max(createdAt) over status = 'SKIPPED_NON_PRODUCTION', and the same over status = 'FAILED' AND deliveryBlockReason IS NOT NULL. Both are served by the existing @@index([status]) on EmailLog as a range scan bounded by the status it counts rather than by the table, and neither ever reads the SENT rows, which are all of the volume. FIRST CORRECTION: a composite @@index([status, createdAt]) IS perfectly expressible in Prisma and WOULD make both aggregates index-only, so "Prisma cannot express it" is not the reason - the reason is that building a seventh btree on this repository's highest-volume log table means an ACCESS EXCLUSIVE index build inside Prisma's per-migration transaction, where CONCURRENTLY is unavailable, and that is a real deploy-window stall on a club with years of EmailLog rows. An occasional admin read does not justify it. SECOND CORRECTION: a PARTIAL index (WHERE deliveryBlockReason IS NOT NULL) is not out of reach here either - this repository already ships six gated raw-SQL partial indexes, manifested in prisma/partial-unique-indexes.tsv and enforced by scripts/check-partial-indexes.sh, so that escalation is an established pattern rather than an impossibility. AND THE BOUNDEDNESS CLAIM IS WEAKEST EXACTLY WHERE THE FEATURE MATTERS, which is worth saying plainly: on a live club wrongly declared a copy - the case this count exists to reveal - the counted population grows without bound, one row per message the club tries to send. That is accepted because it is precisely the state an operator is being told to repair within hours, not to live with; if a real installation ever measures slow here, add the composite index or a gated partial one in its own migration. LOCK IMPACT: statements 1 and 2 take a brief lock on the types themselves; statement 3 takes a brief ACCESS EXCLUSIVE lock on "EmailLog" for the catalog change only - no rewrite, no index build, no constraint validation, no foreign key, no trigger. No Booking, Payment, Member, capacity, credit or provider record is read or written. Run in the normal deploy window and let the deploy guard stop on lock timeout. OLD-CODE COMPATIBLE, and the one hazard is named rather than glossed. The new nullable column and the new enum TYPE are invisible to the draining colour: Prisma selects explicit column lists, so the previously deployed client neither selects nor writes "deliveryBlockReason", and it has no reference to "EmailDeliveryBlockReason" at all. The one thing an old client CANNOT deserialize is the new VALUE on the EXISTING "EmailLogStatus" type. THE FIRST VERSION OF THIS ROW CLAIMED THAT WAS BOUNDED "BY CONSTRUCTION" AND THAT WAS REFUTED BY THE SCRIPT IT CITED, so here is the truth. 'SKIPPED_NON_PRODUCTION' is written only when the environment role resolves confirmed NON_PRODUCTION. The deploy gate does NOT establish that it cannot: scripts/run-production-blue-green-deploy.sh asserts the DECLARATION KIND and deliberately not the effective role - its own comment says why, because "a correctly declared production installation whose administrator has switched the safer override on legitimately resolves NON_PRODUCTION" and asserting the resolved role there would refuse a legitimate deploy. So the window IS bounded on an ordinary production deploy, where nothing has forced the override and the role resolves PRODUCTION throughout; and it is NOT bounded when the safer override is on, which is a real state somebody enters deliberately during a restore rehearsal. THE RESIDUAL, MEASURED AND NAMED: of the 16 EmailLog read sites, exactly one selects `status` with no status filter - waitlist-offer-email-visibility.ts, which reads waitlist-offer rows to show an officer whether the offer email reached the member. A waitlist-offer suppression written by the new colour makes that read raise "Value 'SKIPPED_NON_PRODUCTION' not found in enum" on the old colour, so /admin/waitlist 500s until the drain completes. NARROWING THAT READER WOULD NOT HELP AND IS NOT ATTEMPTED: the code that raises is the PREVIOUSLY DEPLOYED release, which this pull request cannot change, and the reader legitimately needs `status` - a suppressed offer must show as undelivered. THE OPERATOR MITIGATION IS THEREFORE THE ANSWER: turn the safer override OFF for the duration of a production blue/green deploy, or accept that one admin screen 500s until the old colour is gone. Nothing moves money and no data is corrupted either way. On a NON_PRODUCTION stack the same exposure exists throughout the window and matters even less. Reverse: dropping the column and the type restores the previous shape exactly; PostgreSQL cannot remove an enum VALUE, so 'SKIPPED_NON_PRODUCTION' remains registered on "EmailLogStatus" after a rollback - harmless, because no rolled-back code writes it, and any row already carrying it would have to be rewritten by hand before an older client could read it. NOT IDEMPOTENT AS A WHOLE and not claimed to be: CREATE TYPE and ADD COLUMN carry no IF NOT EXISTS, so a replay fails 42710/42701; statement 1 does carry IF NOT EXISTS. TIMESTAMP COORDINATION: 20260827010000 was reserved for this child in the epic body up front and sorts strictly above 20260826010000_add_environment_safety_settings (#3034, the same epic) and 20260825010000/20260822010000 on epic/2988-club-time. Re-verify it is still unique and still the highest prefix across origin/main, every remote and local branch and every registered worktree before merge - a migration inserted BENEATH one already applied fails Migration drift check.
20260828010000_add_xero_sandbox_contact_containment	expand	n/a	yes	Durable proof that a Xero contact's stored email address has been contained on this installation (ENV-SAFETY 3, #3036; epic #2986; INV-CONFIG-005). TWO STATEMENTS, both additive and both on a table that does not exist before this migration: CREATE TABLE "XeroSandboxContactContainment" and the CREATE UNIQUE INDEX Prisma generates for its @unique "xeroContactId". NO existing table is read, altered or locked. NO DML OF ANY KIND - no INSERT, UPDATE, DELETE, data-modifying CTE or DO block - so every existing row in every existing table is byte-identical afterwards and scripts/check-data-migration-verification.sh classifies it as shape-only and demands no fixture. NO SESSION CLOCK IN A PAYLOAD: there is no payload at all - containedAt/updatedAt come from the columns' own DDL defaults, which the #1627 gate explicitly permits. OLD-CODE COMPATIBLE BY CONSTRUCTION: the deployed previous release contains no reference to this table, so the draining blue/green colour neither reads nor writes it and cannot be affected between migrate and cutover. That is a stronger claim than 20260827010000 could make and it is worth saying why: that migration added a VALUE to an EXISTING enum the old client deserializes, which is a real window; this one adds a table the old client has never heard of, and Prisma selects explicit column lists, so there is nothing for an older client to fail on. LOCK IMPACT: the CREATE TABLE takes an ACCESS EXCLUSIVE lock on a relation this same statement creates, so nothing can contend for it; the CREATE UNIQUE INDEX is on that brand-new empty table, so it is O(0) rows and holds no lock any other writer could be waiting behind. CONCURRENTLY is unavailable inside Prisma's per-migration transaction and is not wanted - there is nothing to build. It matches neither HOT_TABLE_SQL_REGEX (no hot-table identifier appears in either statement; the table and its index are both named "XeroSandboxContactContainment", and no column carries a REFERENCES clause) nor BREAKING_SQL_REGEX nor DESTRUCTIVE_REMOVAL_SQL_REGEX, so this row is documentation of the analysis rather than a coverage requirement. NOTHING IS SEEDED, AND THAT IS THE SAFE DIRECTION: an absent row means "this contact has not been proved contained", which is exactly what makes a restored copy contain every contact it is about to invoice, so no backfill exists and none is wanted. Seeding rows would assert containment nobody has established, which is the one claim this table must never make falsely. NO FOREIGN KEY AND NO memberId COLUMN, deliberately. Containment is a property of the PROVIDER-SIDE contact, not of a person: two members can never share a contact (the link writers refuse it), a contact outlives the member it was linked to, and a member merge moves a link without changing what Xero holds. Keying on the contact also means member-merge-dmmf.test.ts has no relation to classify and the deletion sweeps have no rows to consider, which is a smaller surface than an FK would buy anything for. WHAT THE LIVE SITE PAYS: one empty relation and one empty index, for ever. Containment runs only on a confirmed NON_PRODUCTION installation, so PRODUCTION writes no row here at any point - which is also why an empty count is not evidence of anything on its own, and every operator surface shows the effective role beside it. NO ADDITIONAL INDEX, and the reasoning is measured rather than assumed. The read paths are (a) findUnique on the unique xeroContactId, served by the unique index, once per contact per document write, and (b) the operator surface's count plus max(updatedAt) plus a count filtered on rewroteAddress, which are sequential scans of a table holding at most one row per Xero contact - low thousands on the largest club, not a log table. A second btree would be maintained on every containment write to make an occasional admin page read index-only. If a real installation ever measures slow there, add it in its own migration. UNBOUNDED GROWTH IS NOT A CONCERN HERE, unlike 20260827010000's EmailLog population: the row is UPSERTED on xeroContactId, so re-containment after a member's address moves REPLACES the row rather than appending one, and the table's ceiling is the number of Xero contacts the installation has ever resolved. Reverse: DROP TABLE "XeroSandboxContactContainment" restores the previous shape exactly and loses only the proof, which a copy then re-establishes by reading each contact from Xero once - slower, never unsafe. NOT IDEMPOTENT AS A WHOLE and not claimed to be: CREATE TABLE and CREATE UNIQUE INDEX carry no IF NOT EXISTS, so a replay fails 42P07/42P07. TIMESTAMP COORDINATION: 20260828010000 was reserved for this child in the epic body up front and sorts strictly above 20260827010000_add_environment_delivery_block_reason (#3035) and 20260826010000_add_environment_safety_settings (#3034), both on this same epic branch, and above 20260825010000/20260822010000 on epic/2988-club-time. Verified unique across origin/main, every remote and local branch and every registered worktree at the time of writing - re-verify before merge, because a migration inserted BENEATH one already applied fails Migration drift check.
20260901010000_add_capture_transport_public_host_block_reason	expand	n/a	yes	Record that a COPY was refused a capture-mailbox declaration because EMAIL_SERVER_HOST named a host on the public internet (#3071 external review by hoppers99, under epic #2986; INV-CONFIG-004). ONE STATEMENT, additive: ALTER TYPE "EmailDeliveryBlockReason" ADD VALUE IF NOT EXISTS 'CAPTURE_TRANSPORT_PUBLIC_HOST'. It REGISTERS the label and never USES it, so Prisma's per-migration transaction is safe - the same pattern as 20260827010000 (SKIPPED_NON_PRODUCTION on "EmailLogStatus") and 20260727120000 (SKIPPED_NO_EMAILS) before it. ALTER TYPE ... ADD VALUE is additive and is deliberately NOT matched by BREAKING_SQL_REGEX, unlike RENAME VALUE; it matches neither DESTRUCTIVE_REMOVAL_SQL_REGEX nor HOT_TABLE_SQL_REGEX (no table is named at all), so this row is documentation of the analysis rather than a coverage requirement. NO DML OF ANY KIND - no INSERT, UPDATE, DELETE, data-modifying CTE or DO block - so every existing row in every existing table is byte-identical afterwards and scripts/check-data-migration-verification.sh classifies it as shape-only and demands no fixture. NO SESSION CLOCK: there is no payload at all, so the #1627 DML gate is satisfied. WHY A NEW VALUE RATHER THAN A REUSE, because the alternative was considered and is unsafe: 'CAPTURE_TRANSPORT_IN_PRODUCTION' asserts the installation is the club's LIVE SITE, and src/lib/environment-safety-withheld.ts aggregates that one value as its own population precisely so an operator surface can raise it as a live-site emergency. Writing it from a copy would report an emergency that is not happening, which is the outcome-conflation INV-CONFIG-004 forbids; and leaving deliveryBlockReason NULL instead would drop the row out of the withheld-email count, which that invariant defines as status = 'FAILED' AND deliveryBlockReason IS NOT NULL. NO INDEX IS ADDED and none is wanted: the counting queries are unchanged, still the two aggregates over "EmailLog" that 20260827010000's row analyses in full, and this migration adds no new read path. LOCK IMPACT: a brief lock on the TYPE itself. No table is read, altered, rewritten, indexed or constrained; no Booking, Payment, Member, capacity, credit or provider record is touched. Run in the normal deploy window. OLD-CODE COMPATIBLE, with the one hazard named rather than glossed, and it is materially narrower than 20260827010000's. The previously deployed colour is the release that shipped #3035, so it DOES know "EmailDeliveryBlockReason" with four values and CANNOT deserialize a fifth. Two things bound that. (1) WHO CAN WRITE IT: only src/lib/email/environment-gate.ts, only on the block_capture_public_host outcome, which src/lib/environment-delivery-policy.ts returns only when the effective role is confirmed NON_PRODUCTION and the declared transport is a capture whose host classifies public. The club's live site cannot reach it - a PRODUCTION role plus a capture declaration returns block_capture_in_production instead, whatever the host - so an ordinary production blue/green deploy writes no row carrying this value at any point in the window. The unbounded case is a live site running with the safer override ON and USE_LOCAL_CAPTURE=true and a public EMAIL_SERVER_HOST simultaneously, which is a deliberately broken mail configuration an operator would already be repairing. (2) WHO CAN READ IT: of the EmailLog read sites, exactly one returns the column to the client, because it passes no `select` and Prisma therefore returns every scalar - the retry cron's findMany in src/lib/cron-email-retry.ts, whose `status: 'FAILED'` filter does match such a row. On the old colour that read would raise "Value 'CAPTURE_TRANSPORT_PUBLIC_HOST' not found in enum" and fail that cron run; every other reader (email-failure-review, waitlist-offer-email-visibility, token-email-recovery, booking-email-suppression, the digest and alert probes) passes an explicit `select` that omits the column, and readWithheldApplicationEmail only ever FILTERS on it inside aggregates, which return counts rather than values. NARROWING THAT READER WOULD NOT CLOSE THIS WINDOW and is not attempted here: the code that would raise is the PREVIOUSLY DEPLOYED release, which this pull request cannot change. It is worth doing for the NEXT enum addition and is recorded as such rather than done silently. Nothing moves money, nothing is corrupted, and the failure is one skipped cron pass that succeeds on its next scheduled run after the drain. Reverse: PostgreSQL cannot remove an enum VALUE, so 'CAPTURE_TRANSPORT_PUBLIC_HOST' remains registered after a rollback - harmless, because no rolled-back code writes it, and any row already carrying it would need rewriting by hand before an older client could read it. IDEMPOTENT: the single statement carries IF NOT EXISTS, so a replay is a no-op rather than a 42710. TIMESTAMP COORDINATION: 20260901010000 sorts strictly above every migration on origin/main and above 20260828010000_add_xero_sandbox_contact_containment, 20260827010000 and 20260826010000 (epic #2986, all merged) and 20260825010000/20260822020000/20260822010000 on epic/2988-club-time. Verified unique across origin/main, every remote and local branch and every registered worktree at the time of writing - re-verify before merge, because a migration inserted BENEATH one already applied fails Migration drift check.
20260822015000_add_comms_portal	expand	n/a	yes	Member message board tables and the commsPortal module flag (#2993, epic #2992). ADDITIVE EXPAND ONLY, no row rewrite anywhere: one CREATE TYPE (ClubPostReportReason), one ALTER TABLE ADD COLUMN on "ClubModuleSettings", three CREATE TABLE ("ClubPost", "ClubPostImage", "ClubPostReport"), nine CREATE INDEX all on those three NEW tables, and four ADD CONSTRAINT ... FOREIGN KEY. There is no INSERT, UPDATE or DELETE anywhere in the file, so every existing row of every existing table is byte-identical afterwards and check-data-migration-verification.sh classifies it as non-rewriting and demands no fixture. THIS ROW IS REQUIRED, not documentation: two of the four ADD CONSTRAINT statements name "Member", which is in HOT_TABLE_SQL_REGEX. It matches BREAKING_SQL_REGEX nowhere - no DROP, no RENAME, no ALTER COLUMN TYPE, no SET NOT NULL - so old_code_compatible=yes is an additive claim, not a compensating-pattern one. LOCK IMPACT: CREATE TYPE takes a lock on the new type alone. The ADD COLUMN is "commsPortal" BOOLEAN NOT NULL DEFAULT false - a CONSTANT default, which PostgreSQL 11+ records in pg_attribute rather than rewriting the heap - and takes a brief ACCESS EXCLUSIVE on "ClubModuleSettings", a SINGLETON table holding exactly one row. The three CREATE TABLEs and all nine indexes touch only tables this migration has just created and which no session can yet be reading. THE ONLY STATEMENTS THAT TOUCH A HOT TABLE ARE THE TWO "Member" FOREIGN KEYS, and each takes SHARE ROW EXCLUSIVE on the brand-new empty child table plus ROW SHARE on the referenced "Member". ROW SHARE does not block SELECT, INSERT, UPDATE or DELETE on "Member" - it conflicts only with ACCESS EXCLUSIVE - so no member writer is blocked beyond the instant of the catalog change. The validation scan runs over "ClubPost" and "ClubPostReport", which are EMPTY at that moment, so it validates trivially regardless of how many members exist. CONCURRENTLY is deliberately not used for the indexes because Prisma runs each migration inside a transaction and a concurrent index build cannot be - the same reasoning recorded for 20260813010000_add_member_email_inheritance_choice and 20260819010000_add_booking_other_lodge_member_rate. It costs nothing here: every index is built over an empty table. No Booking, Payment, capacity, credit, subscription or provider record is read or written, and no statement touches a booking, payment or membership lifecycle column. Run in the normal deploy window and let the deploy guard stop on lock timeout. NO SESSION CLOCK: there is no DML at all, so the #1627 session-clock DML gate is satisfied. The DEFAULT CURRENT_TIMESTAMP clauses are column defaults on new tables evaluated per future INSERT, not a migration-time now(). OLD-COLOUR COMPATIBLE IN BOTH DIRECTIONS. Forward: the draining old colour has no knowledge of the three new tables and never names them. It does read "ClubModuleSettings", and it is safe because every read of that table narrows to CLUB_MODULE_SETTINGS_COLUMN_SELECT, which is derived from MODULE_KEYS - the old colour is column-explicit and does not name "commsPortal", so the new column is invisible to its SELECT; and because the column is NOT NULL with a constant DEFAULT, an old-colour INSERT or upsert that omits it still succeeds and lands on false. THE DEFAULT IS false ON PURPOSE AND THAT IS THE COMPATIBILITY ARGUMENT AS WELL AS A PRODUCT DECISION (epic #2992, D-C2): the module gates a board whose posts can be shared to OTHER CLUBS, so an upgrade that defaulted it on would start publishing member-written content to third parties on nothing but a deploy. Defaulting off means the new colour behaves exactly as the old one until an admin acts, which is also why no mixed-runtime protocol exists here for the two colours to disagree about. Reverse rollback drops the four constraints, the nine indexes, the three tables, the column and the type, returning the schema exactly to its prior shape; the only data lost is board content that could not have existed before this migration. TIMESTAMP COORDINATION: 20260822010000 sorts strictly after 20260821010000_add_maintenance_reports, the highest prefix on origin/main, and reuses no existing prefix. Verified unique on 22 Aug 2026 NZ across origin/main, every remote branch, every local branch and the single registered worktree by comparing the highest prisma/migrations prefix on every ref. A migration inserted BENEATH one already applied fails Migration drift check - the trap 20260813010000 and 20260820020000 both recorded - so re-verify uniqueness before merge and renumber on rebase if anything has landed at or above it. RENUMBERED TWICE, and the second time is the one that stands. 20260822010000 -> 20260902010000 on 25 Aug 2026, because thatskiff33/main had landed 20260822010000_add_club_time_settings on the SAME prefix. Then 20260902010000 -> 20260822015000 on 27 Aug 2026, for two reasons the first rename could not see: (1) PR #3108 renamed its own migration to 20260902010000_add_email_override_body_html, so keeping 20260902010000 here would recreate the duplicate-prefix failure the first rename existed to clear the moment both PRs merge; and (2) the triyder fork -- the deployment this feature is LIVE on -- applied these five migrations under exactly these names (fork PR triyder#47), so any other spelling would make every future fork sync carry the same tables under two directory names and re-apply them onto databases that already have them. The four siblings follow: 20260822020000_add_club_post_settings, 20260823010000_add_post_html_and_image_serving, 20260824010000_add_club_post_share_request, 20260824020000_add_comms_sync_cursor -- order preserved, every prefix verified unique against thatskiff33/main on 27 Aug 2026. These prefixes SORT BENEATH upstream migrations already committed (20260825010000 onward); that is safe here because the drift check replays the folder into a fresh shadow database (order-insensitive on a fresh replay) and `prisma migrate deploy` applies any folder migration absent from _prisma_migrations regardless of sort position; the insert-beneath trap this ledger records bites `migrate dev`'s linear-history strictness, which no deployment runs.
